Number of features,Accuracy,Accuracy std,Precision,Precision std,Recall,Recall std,F1,F1 std,AUROC,AUROC std,List of features,Combined Score
80,0.9441077441077443,0.012343638235571273,0.9269325219318508,0.019699227890133376,0.916410669900554,0.02213951072549759,0.9211838438945179,0.01927122605923441,0.9733679307128847,0.008888333905461177,"Abundance_Controls, Length, Mass, frac_aa_A, frac_aa_C, frac_aa_D, frac_aa_E, frac_aa_F, frac_aa_G, frac_aa_H, frac_aa_I, frac_aa_K, frac_aa_L, frac_aa_M, frac_aa_N, frac_aa_P, frac_aa_Q, frac_aa_R, frac_aa_S, frac_aa_T, frac_aa_V, frac_aa_W, frac_aa_Y, molecular_weight, aromaticity, instability_index, flexibility_mean, flexibility_std, flexibility_max, flexibility_min, isoelectric_point, secondary_structure_fraction_helix, secondary_structure_fraction_turn, secondary_structure_fraction_sheet, secondary_structure_fraction_disordered, gravy, fraction_exposed, fraction_buried, fraction_exposed_nonpolar_total, fraction_exposed_nonpolar_exposed, fraction_exposed_polar_total, fraction_exposed_polar_exposed, rsa_mean, rsa_std, asa_sum, fraction_exposed_exposed_A, fraction_exposed_exposed_C, fraction_exposed_exposed_D, fraction_exposed_exposed_E, fraction_exposed_exposed_F, fraction_exposed_exposed_G, fraction_exposed_exposed_H, fraction_exposed_exposed_I, fraction_exposed_exposed_K, fraction_exposed_exposed_L, fraction_exposed_exposed_M, fraction_exposed_exposed_N, fraction_exposed_exposed_P, fraction_exposed_exposed_Q, fraction_exposed_exposed_R, fraction_exposed_exposed_S, fraction_exposed_exposed_T, fraction_exposed_exposed_V, fraction_exposed_exposed_W, fraction_exposed_exposed_Y, nsp_secondary_structure_coil, nsp_secondary_structure_sheet, nsp_secondary_structure_helix, nsp_disordered, BatchID, Zeta Potential, Core Material, Surface_Ligand, Dtem, Dh_core, Dh_functionalized, Centrifuged, NP_incubation Concentration (mg/mL), Incubation Concentration (mg/ml), Incubation Time (minutes)",0.915764105872173
79,0.9410774410774412,0.013062063798835557,0.9229022435682548,0.019720542843769538,0.9118343535079507,0.023717133896043522,0.9168674042324616,0.02032254529446872,0.9743725157796069,0.008802232621412638,"Abundance_Controls, Length, Mass, frac_aa_A, frac_aa_C, frac_aa_D, frac_aa_E, frac_aa_F, frac_aa_G, frac_aa_H, frac_aa_I, frac_aa_K, frac_aa_L, frac_aa_M, frac_aa_N, frac_aa_P, frac_aa_Q, frac_aa_R, frac_aa_S, frac_aa_T, frac_aa_V, frac_aa_W, frac_aa_Y, molecular_weight, aromaticity, instability_index, flexibility_mean, flexibility_std, flexibility_max, flexibility_min, isoelectric_point, secondary_structure_fraction_helix, secondary_structure_fraction_turn, secondary_structure_fraction_sheet, secondary_structure_fraction_disordered, gravy, fraction_exposed, fraction_buried, fraction_exposed_nonpolar_total, fraction_exposed_nonpolar_exposed, fraction_exposed_polar_total, fraction_exposed_polar_exposed, rsa_mean, rsa_std, asa_sum, fraction_exposed_exposed_A, fraction_exposed_exposed_C, fraction_exposed_exposed_D, fraction_exposed_exposed_E, fraction_exposed_exposed_F, fraction_exposed_exposed_G, fraction_exposed_exposed_H, fraction_exposed_exposed_I, fraction_exposed_exposed_K, fraction_exposed_exposed_L, fraction_exposed_exposed_M, fraction_exposed_exposed_N, fraction_exposed_exposed_P, fraction_exposed_exposed_Q, fraction_exposed_exposed_R, fraction_exposed_exposed_S, fraction_exposed_exposed_T, fraction_exposed_exposed_V, fraction_exposed_exposed_W, fraction_exposed_exposed_Y, nsp_secondary_structure_coil, nsp_secondary_structure_sheet, nsp_secondary_structure_helix, nsp_disordered, Zeta Potential, Core Material, Surface_Ligand, Dtem, Dh_core, Dh_functionalized, Centrifuged, NP_incubation Concentration (mg/mL), Incubation Concentration (mg/ml), Incubation Time (minutes)",0.9122153772786056
78,0.9441077441077443,0.009183960738711,0.9266882858710321,0.015887191311224562,0.9167762655499712,0.019248684905810047,0.9212168069145591,0.01560385584514916,0.9738867011986209,0.009579614806491183,"Abundance_Controls, Length, Mass, frac_aa_A, frac_aa_C, frac_aa_D, frac_aa_E, frac_aa_F, frac_aa_G, frac_aa_H, frac_aa_I, frac_aa_K, frac_aa_L, frac_aa_M, frac_aa_N, frac_aa_P, frac_aa_Q, frac_aa_R, frac_aa_S, frac_aa_T, frac_aa_V, frac_aa_W, frac_aa_Y, molecular_weight, aromaticity, instability_index, flexibility_mean, flexibility_std, flexibility_max, flexibility_min, isoelectric_point, secondary_structure_fraction_helix, secondary_structure_fraction_turn, secondary_structure_fraction_sheet, secondary_structure_fraction_disordered, gravy, fraction_exposed, fraction_buried, fraction_exposed_nonpolar_total, fraction_exposed_nonpolar_exposed, fraction_exposed_polar_total, fraction_exposed_polar_exposed, rsa_mean, rsa_std, asa_sum, fraction_exposed_exposed_A, fraction_exposed_exposed_C, fraction_exposed_exposed_D, fraction_exposed_exposed_E, fraction_exposed_exposed_F, fraction_exposed_exposed_G, fraction_exposed_exposed_H, fraction_exposed_exposed_I, fraction_exposed_exposed_K, fraction_exposed_exposed_L, fraction_exposed_exposed_M, fraction_exposed_exposed_N, fraction_exposed_exposed_P, fraction_exposed_exposed_Q, fraction_exposed_exposed_R, fraction_exposed_exposed_S, fraction_exposed_exposed_T, fraction_exposed_exposed_V, fraction_exposed_exposed_W, fraction_exposed_exposed_Y, nsp_secondary_structure_coil, nsp_secondary_structure_sheet, nsp_secondary_structure_helix, nsp_disordered, Zeta Potential, Core Material, Surface_Ligand, Dtem, Dh_core, Dh_functionalized, Centrifuged, NP_incubation Concentration (mg/mL), Incubation Concentration (mg/ml)",0.9193237833690334
77,0.9424242424242426,0.009336986278694984,0.9236608879169024,0.01360689289486435,0.9149904570651888,0.021354997039597656,0.9188773723224715,0.016175947650628752,0.9760571842520445,0.00710542015278137,"Abundance_Controls, Length, Mass, frac_aa_A, frac_aa_C, frac_aa_D, frac_aa_E, frac_aa_F, frac_aa_G, frac_aa_H, frac_aa_I, frac_aa_K, frac_aa_L, frac_aa_M, frac_aa_N, frac_aa_P, frac_aa_Q, frac_aa_R, frac_aa_S, frac_aa_T, frac_aa_V, frac_aa_W, frac_aa_Y, molecular_weight, aromaticity, instability_index, flexibility_mean, flexibility_std, flexibility_max, flexibility_min, isoelectric_point, secondary_structure_fraction_helix, secondary_structure_fraction_turn, secondary_structure_fraction_sheet, secondary_structure_fraction_disordered, gravy, fraction_exposed, fraction_buried, fraction_exposed_nonpolar_total, fraction_exposed_nonpolar_exposed, fraction_exposed_polar_total, fraction_exposed_polar_exposed, rsa_mean, rsa_std, asa_sum, fraction_exposed_exposed_A, fraction_exposed_exposed_C, fraction_exposed_exposed_E, fraction_exposed_exposed_F, fraction_exposed_exposed_G, fraction_exposed_exposed_H, fraction_exposed_exposed_I, fraction_exposed_exposed_K, fraction_exposed_exposed_L, fraction_exposed_exposed_M, fraction_exposed_exposed_N, fraction_exposed_exposed_P, fraction_exposed_exposed_Q, fraction_exposed_exposed_R, fraction_exposed_exposed_S, fraction_exposed_exposed_T, fraction_exposed_exposed_V, fraction_exposed_exposed_W, fraction_exposed_exposed_Y, nsp_secondary_structure_coil, nsp_secondary_structure_sheet, nsp_secondary_structure_helix, nsp_disordered, Zeta Potential, Core Material, Surface_Ligand, Dtem, Dh_core, Dh_functionalized, Centrifuged, NP_incubation Concentration (mg/mL), Incubation Concentration (mg/ml)",0.9176872561455477
76,0.9420875420875421,0.013535186021711648,0.9240995673223873,0.02183287072977344,0.9137929549906654,0.021991926746333795,0.9185301788781437,0.020500034884007562,0.9759333158968776,0.008831296144720443,"Abundance_Controls, Length, Mass, frac_aa_A, frac_aa_C, frac_aa_D, frac_aa_E, frac_aa_F, frac_aa_G, frac_aa_H, frac_aa_I, frac_aa_K, frac_aa_L, frac_aa_M, frac_aa_N, frac_aa_P, frac_aa_R, frac_aa_S, frac_aa_T, frac_aa_V, frac_aa_W, frac_aa_Y, molecular_weight, aromaticity, instability_index, flexibility_mean, flexibility_std, flexibility_max, flexibility_min, isoelectric_point, secondary_structure_fraction_helix, secondary_structure_fraction_turn, secondary_structure_fraction_sheet, secondary_structure_fraction_disordered, gravy, fraction_exposed, fraction_buried, fraction_exposed_nonpolar_total, fraction_exposed_nonpolar_exposed, fraction_exposed_polar_total, fraction_exposed_polar_exposed, rsa_mean, rsa_std, asa_sum, fraction_exposed_exposed_A, fraction_exposed_exposed_C, fraction_exposed_exposed_E, fraction_exposed_exposed_F, fraction_exposed_exposed_G, fraction_exposed_exposed_H, fraction_exposed_exposed_I, fraction_exposed_exposed_K, fraction_exposed_exposed_L, fraction_exposed_exposed_M, fraction_exposed_exposed_N, fraction_exposed_exposed_P, fraction_exposed_exposed_Q, fraction_exposed_exposed_R, fraction_exposed_exposed_S, fraction_exposed_exposed_T, fraction_exposed_exposed_V, fraction_exposed_exposed_W, fraction_exposed_exposed_Y, nsp_secondary_structure_coil, nsp_secondary_structure_sheet, nsp_secondary_structure_helix, nsp_disordered, Zeta Potential, Core Material, Surface_Ligand, Dtem, Dh_core, Dh_functionalized, Centrifuged, NP_incubation Concentration (mg/mL), Incubation Concentration (mg/ml)",0.9133523560658304
75,0.9427609427609429,0.013882510523965172,0.9252308537410607,0.021427710391934817,0.9149391899979138,0.02395874340628212,0.9194891340675323,0.020699512956708216,0.9765258775235541,0.009216869393936778,"Abundance_Controls, Length, Mass, frac_aa_A, frac_aa_C, frac_aa_D, frac_aa_E, frac_aa_F, frac_aa_G, frac_aa_H, frac_aa_I, frac_aa_K, frac_aa_L, frac_aa_M, frac_aa_N, frac_aa_P, frac_aa_R, frac_aa_S, frac_aa_T, frac_aa_V, frac_aa_W, frac_aa_Y, molecular_weight, aromaticity, instability_index, flexibility_mean, flexibility_std, flexibility_max, flexibility_min, isoelectric_point, secondary_structure_fraction_helix, secondary_structure_fraction_turn, secondary_structure_fraction_sheet, secondary_structure_fraction_disordered, gravy, fraction_exposed, fraction_buried, fraction_exposed_nonpolar_total, fraction_exposed_nonpolar_exposed, fraction_exposed_polar_total, fraction_exposed_polar_exposed, rsa_mean, rsa_std, asa_sum, fraction_exposed_exposed_C, fraction_exposed_exposed_E, fraction_exposed_exposed_F, fraction_exposed_exposed_G, fraction_exposed_exposed_H, fraction_exposed_exposed_I, fraction_exposed_exposed_K, fraction_exposed_exposed_L, fraction_exposed_exposed_M, fraction_exposed_exposed_N, fraction_exposed_exposed_P, fraction_exposed_exposed_Q, fraction_exposed_exposed_R, fraction_exposed_exposed_S, fraction_exposed_exposed_T, fraction_exposed_exposed_V, fraction_exposed_exposed_W, fraction_exposed_exposed_Y, nsp_secondary_structure_coil, nsp_secondary_structure_sheet, nsp_secondary_structure_helix, nsp_disordered, Zeta Potential, Core Material, Surface_Ligand, Dtem, Dh_core, Dh_functionalized, Centrifuged, NP_incubation Concentration (mg/mL), Incubation Concentration (mg/ml)",0.9138784322369777
74,0.9407407407407409,0.011487354955711765,0.9222032430223592,0.01865139428283358,0.9122204910780299,0.02008035355812844,0.9166876930683092,0.017304265004442352,0.9750316818105904,0.007834739854189176,"Abundance_Controls, Length, Mass, frac_aa_A, frac_aa_C, frac_aa_D, frac_aa_E, frac_aa_F, frac_aa_G, frac_aa_H, frac_aa_I, frac_aa_K, frac_aa_L, frac_aa_M, frac_aa_N, frac_aa_P, frac_aa_R, frac_aa_S, frac_aa_T, frac_aa_V, frac_aa_W, frac_aa_Y, molecular_weight, aromaticity, instability_index, flexibility_mean, flexibility_std, flexibility_max, flexibility_min, isoelectric_point, secondary_structure_fraction_helix, secondary_structure_fraction_turn, secondary_structure_fraction_sheet, secondary_structure_fraction_disordered, gravy, fraction_exposed, fraction_buried, fraction_exposed_nonpolar_total, fraction_exposed_nonpolar_exposed, fraction_exposed_polar_total, fraction_exposed_polar_exposed, rsa_mean, rsa_std, asa_sum, fraction_exposed_exposed_C, fraction_exposed_exposed_E, fraction_exposed_exposed_F, fraction_exposed_exposed_G, fraction_exposed_exposed_H, fraction_exposed_exposed_I, fraction_exposed_exposed_L, fraction_exposed_exposed_M, fraction_exposed_exposed_N, fraction_exposed_exposed_P, fraction_exposed_exposed_Q, fraction_exposed_exposed_R, fraction_exposed_exposed_S, fraction_exposed_exposed_T, fraction_exposed_exposed_V, fraction_exposed_exposed_W, fraction_exposed_exposed_Y, nsp_secondary_structure_coil, nsp_secondary_structure_sheet, nsp_secondary_structure_helix, nsp_disordered, Zeta Potential, Core Material, Surface_Ligand, Dtem, Dh_core, Dh_functionalized, Centrifuged, NP_incubation Concentration (mg/mL), Incubation Concentration (mg/ml)",0.9144533857850291
73,0.9417508417508419,0.011273177806588016,0.9229711878743221,0.016269633271587456,0.9141491630947393,0.021918194406279092,0.9181130763159231,0.017619970894096875,0.9768255755349703,0.007875538473075119,"Abundance_Controls, Length, Mass, frac_aa_A, frac_aa_C, frac_aa_D, frac_aa_E, frac_aa_F, frac_aa_G, frac_aa_H, frac_aa_I, frac_aa_K, frac_aa_L, frac_aa_M, frac_aa_P, frac_aa_R, frac_aa_S, frac_aa_T, frac_aa_V, frac_aa_W, frac_aa_Y, molecular_weight, aromaticity, instability_index, flexibility_mean, flexibility_std, flexibility_max, flexibility_min, isoelectric_point, secondary_structure_fraction_helix, secondary_structure_fraction_turn, secondary_structure_fraction_sheet, secondary_structure_fraction_disordered, gravy, fraction_exposed, fraction_buried, fraction_exposed_nonpolar_total, fraction_exposed_nonpolar_exposed, fraction_exposed_polar_total, fraction_exposed_polar_exposed, rsa_mean, rsa_std, asa_sum, fraction_exposed_exposed_C, fraction_exposed_exposed_E, fraction_exposed_exposed_F, fraction_exposed_exposed_G, fraction_exposed_exposed_H, fraction_exposed_exposed_I, fraction_exposed_exposed_L, fraction_exposed_exposed_M, fraction_exposed_exposed_N, fraction_exposed_exposed_P, fraction_exposed_exposed_Q, fraction_exposed_exposed_R, fraction_exposed_exposed_S, fraction_exposed_exposed_T, fraction_exposed_exposed_V, fraction_exposed_exposed_W, fraction_exposed_exposed_Y, nsp_secondary_structure_coil, nsp_secondary_structure_sheet, nsp_secondary_structure_helix, nsp_disordered, Zeta Potential, Core Material, Surface_Ligand, Dtem, Dh_core, Dh_functionalized, Centrifuged, NP_incubation Concentration (mg/mL), Incubation Concentration (mg/ml)",0.915877663944254
72,0.9420875420875422,0.013451167916119973,0.9240419529123189,0.017188800853900555,0.9137201067931502,0.027239198455404512,0.9182780312798929,0.02104532669766424,0.9747334831985526,0.00931515914708228,"Abundance_Controls, Length, Mass, frac_aa_A, frac_aa_C, frac_aa_D, frac_aa_E, frac_aa_F, frac_aa_G, frac_aa_H, frac_aa_I, frac_aa_L, frac_aa_M, frac_aa_P, frac_aa_R, frac_aa_S, frac_aa_T, frac_aa_V, frac_aa_W, frac_aa_Y, molecular_weight, aromaticity, instability_index, flexibility_mean, flexibility_std, flexibility_max, flexibility_min, isoelectric_point, secondary_structure_fraction_helix, secondary_structure_fraction_turn, secondary_structure_fraction_sheet, secondary_structure_fraction_disordered, gravy, fraction_exposed, fraction_buried, fraction_exposed_nonpolar_total, fraction_exposed_nonpolar_exposed, fraction_exposed_polar_total, fraction_exposed_polar_exposed, rsa_mean, rsa_std, asa_sum, fraction_exposed_exposed_C, fraction_exposed_exposed_E, fraction_exposed_exposed_F, fraction_exposed_exposed_G, fraction_exposed_exposed_H, fraction_exposed_exposed_I, fraction_exposed_exposed_L, fraction_exposed_exposed_M, fraction_exposed_exposed_N, fraction_exposed_exposed_P, fraction_exposed_exposed_Q, fraction_exposed_exposed_R, fraction_exposed_exposed_S, fraction_exposed_exposed_T, fraction_exposed_exposed_V, fraction_exposed_exposed_W, fraction_exposed_exposed_Y, nsp_secondary_structure_coil, nsp_secondary_structure_sheet, nsp_secondary_structure_helix, nsp_disordered, Zeta Potential, Core Material, Surface_Ligand, Dtem, Dh_core, Dh_functionalized, Centrifuged, NP_incubation Concentration (mg/mL), Incubation Concentration (mg/ml)",0.9142363741714222
71,0.9434343434343434,0.011837303590065282,0.9266287086139997,0.01738262858529247,0.9158553144612063,0.020486626829018167,0.9206517335458907,0.01656913830008647,0.9749620527194137,0.00897496236684259,"Abundance_Controls, Length, Mass, frac_aa_C, frac_aa_D, frac_aa_E, frac_aa_F, frac_aa_G, frac_aa_H, frac_aa_I, frac_aa_L, frac_aa_M, frac_aa_P, frac_aa_R, frac_aa_S, frac_aa_T, frac_aa_V, frac_aa_W, frac_aa_Y, molecular_weight, aromaticity, instability_index, flexibility_mean, flexibility_std, flexibility_max, flexibility_min, isoelectric_point, secondary_structure_fraction_helix, secondary_structure_fraction_turn, secondary_structure_fraction_sheet, secondary_structure_fraction_disordered, gravy, fraction_exposed, fraction_buried, fraction_exposed_nonpolar_total, fraction_exposed_nonpolar_exposed, fraction_exposed_polar_total, fraction_exposed_polar_exposed, rsa_mean, rsa_std, asa_sum, fraction_exposed_exposed_C, fraction_exposed_exposed_E, fraction_exposed_exposed_F, fraction_exposed_exposed_G, fraction_exposed_exposed_H, fraction_exposed_exposed_I, fraction_exposed_exposed_L, fraction_exposed_exposed_M, fraction_exposed_exposed_N, fraction_exposed_exposed_P, fraction_exposed_exposed_Q, fraction_exposed_exposed_R, fraction_exposed_exposed_S, fraction_exposed_exposed_T, fraction_exposed_exposed_V, fraction_exposed_exposed_W, fraction_exposed_exposed_Y, nsp_secondary_structure_coil, nsp_secondary_structure_sheet, nsp_secondary_structure_helix, nsp_disordered, Zeta Potential, Core Material, Surface_Ligand, Dtem, Dh_core, Dh_functionalized, Centrifuged, NP_incubation Concentration (mg/mL), Incubation Concentration (mg/ml)",0.9173970398442781
70,0.9451178451178451,0.01127317780658801,0.9286047765048353,0.017078054198185713,0.9181703263034307,0.022092263448010012,0.9227609865841748,0.017251161936901373,0.9740931807631835,0.009804319762941632,"Abundance_Controls, Length, Mass, frac_aa_C, frac_aa_D, frac_aa_E, frac_aa_F, frac_aa_G, frac_aa_H, frac_aa_I, frac_aa_L, frac_aa_M, frac_aa_P, frac_aa_R, frac_aa_S, frac_aa_T, frac_aa_V, frac_aa_W, frac_aa_Y, molecular_weight, aromaticity, flexibility_mean, flexibility_std, flexibility_max, flexibility_min, isoelectric_point, secondary_structure_fraction_helix, secondary_structure_fraction_turn, secondary_structure_fraction_sheet, secondary_structure_fraction_disordered, gravy, fraction_exposed, fraction_buried, fraction_exposed_nonpolar_total, fraction_exposed_nonpolar_exposed, fraction_exposed_polar_total, fraction_exposed_polar_exposed, rsa_mean, rsa_std, asa_sum, fraction_exposed_exposed_C, fraction_exposed_exposed_E, fraction_exposed_exposed_F, fraction_exposed_exposed_G, fraction_exposed_exposed_H, fraction_exposed_exposed_I, fraction_exposed_exposed_L, fraction_exposed_exposed_M, fraction_exposed_exposed_N, fraction_exposed_exposed_P, fraction_exposed_exposed_Q, fraction_exposed_exposed_R, fraction_exposed_exposed_S, fraction_exposed_exposed_T, fraction_exposed_exposed_V, fraction_exposed_exposed_W, fraction_exposed_exposed_Y, nsp_secondary_structure_coil, nsp_secondary_structure_sheet, nsp_secondary_structure_helix, nsp_disordered, Zeta Potential, Core Material, Surface_Ligand, Dtem, Dh_core, Dh_functionalized, Centrifuged, NP_incubation Concentration (mg/mL), Incubation Concentration (mg/ml)",0.9198446673112571
69,0.9410774410774412,0.012530501054497226,0.9227471656095018,0.020524291359463223,0.9120902606188329,0.022219104736987474,0.9169152957412168,0.019597142184609114,0.9740425307054252,0.009474583710620125,"Abundance_Controls, Length, Mass, frac_aa_C, frac_aa_D, frac_aa_E, frac_aa_F, frac_aa_G, frac_aa_H, frac_aa_I, frac_aa_L, frac_aa_M, frac_aa_P, frac_aa_R, frac_aa_S, frac_aa_T, frac_aa_V, frac_aa_W, frac_aa_Y, molecular_weight, aromaticity, flexibility_mean, flexibility_std, flexibility_max, flexibility_min, isoelectric_point, secondary_structure_fraction_helix, secondary_structure_fraction_turn, secondary_structure_fraction_sheet, secondary_structure_fraction_disordered, gravy, fraction_buried, fraction_exposed_nonpolar_total, fraction_exposed_nonpolar_exposed, fraction_exposed_polar_total, fraction_exposed_polar_exposed, rsa_mean, rsa_std, asa_sum, fraction_exposed_exposed_C, fraction_exposed_exposed_E, fraction_exposed_exposed_F, fraction_exposed_exposed_G, fraction_exposed_exposed_H, fraction_exposed_exposed_I, fraction_exposed_exposed_L, fraction_exposed_exposed_M, fraction_exposed_exposed_N, fraction_exposed_exposed_P, fraction_exposed_exposed_Q, fraction_exposed_exposed_R, fraction_exposed_exposed_S, fraction_exposed_exposed_T, fraction_exposed_exposed_V, fraction_exposed_exposed_W, fraction_exposed_exposed_Y, nsp_secondary_structure_coil, nsp_secondary_structure_sheet, nsp_secondary_structure_helix, nsp_disordered, Zeta Potential, Core Material, Surface_Ligand, Dtem, Dh_core, Dh_functionalized, Centrifuged, NP_incubation Concentration (mg/mL), Incubation Concentration (mg/ml)",0.9147469400229439
68,0.9414141414141415,0.013651942715631832,0.9237713444079869,0.020770031848585755,0.9117313351786983,0.024874388300519343,0.9171980290347763,0.02124405739491895,0.9742882238054407,0.008667562416818533,"Abundance_Controls, Length, Mass, frac_aa_C, frac_aa_D, frac_aa_E, frac_aa_F, frac_aa_G, frac_aa_H, frac_aa_I, frac_aa_L, frac_aa_M, frac_aa_P, frac_aa_R, frac_aa_S, frac_aa_T, frac_aa_W, frac_aa_Y, molecular_weight, aromaticity, flexibility_mean, flexibility_std, flexibility_max, flexibility_min, isoelectric_point, secondary_structure_fraction_helix, secondary_structure_fraction_turn, secondary_structure_fraction_sheet, secondary_structure_fraction_disordered, gravy, fraction_buried, fraction_exposed_nonpolar_total, fraction_exposed_nonpolar_exposed, fraction_exposed_polar_total, fraction_exposed_polar_exposed, rsa_mean, rsa_std, asa_sum, fraction_exposed_exposed_C, fraction_exposed_exposed_E, fraction_exposed_exposed_F, fraction_exposed_exposed_G, fraction_exposed_exposed_H, fraction_exposed_exposed_I, fraction_exposed_exposed_L, fraction_exposed_exposed_M, fraction_exposed_exposed_N, fraction_exposed_exposed_P, fraction_exposed_exposed_Q, fraction_exposed_exposed_R, fraction_exposed_exposed_S, fraction_exposed_exposed_T, fraction_exposed_exposed_V, fraction_exposed_exposed_W, fraction_exposed_exposed_Y, nsp_secondary_structure_coil, nsp_secondary_structure_sheet, nsp_secondary_structure_helix, nsp_disordered, Zeta Potential, Core Material, Surface_Ligand, Dtem, Dh_core, Dh_functionalized, Centrifuged, NP_incubation Concentration (mg/mL), Incubation Concentration (mg/ml)",0.9141621986985097
67,0.9451178451178451,0.009993819582259825,0.9281419330469467,0.016307215303448454,0.9188926111851133,0.017289747940416798,0.9230587807459114,0.014534479271677796,0.975173509286793,0.009396765875745719,"Abundance_Controls, Length, Mass, frac_aa_C, frac_aa_D, frac_aa_E, frac_aa_F, frac_aa_G, frac_aa_H, frac_aa_I, frac_aa_L, frac_aa_M, frac_aa_P, frac_aa_R, frac_aa_S, frac_aa_T, frac_aa_W, frac_aa_Y, molecular_weight, aromaticity, flexibility_mean, flexibility_std, flexibility_max, flexibility_min, isoelectric_point, secondary_structure_fraction_helix, secondary_structure_fraction_sheet, secondary_structure_fraction_disordered, gravy, fraction_buried, fraction_exposed_nonpolar_total, fraction_exposed_nonpolar_exposed, fraction_exposed_polar_total, fraction_exposed_polar_exposed, rsa_mean, rsa_std, asa_sum, fraction_exposed_exposed_C, fraction_exposed_exposed_E, fraction_exposed_exposed_F, fraction_exposed_exposed_G, fraction_exposed_exposed_H, fraction_exposed_exposed_I, fraction_exposed_exposed_L, fraction_exposed_exposed_M, fraction_exposed_exposed_N, fraction_exposed_exposed_P, fraction_exposed_exposed_Q, fraction_exposed_exposed_R, fraction_exposed_exposed_S, fraction_exposed_exposed_T, fraction_exposed_exposed_V, fraction_exposed_exposed_W, fraction_exposed_exposed_Y, nsp_secondary_structure_coil, nsp_secondary_structure_sheet, nsp_secondary_structure_helix, nsp_disordered, Zeta Potential, Core Material, Surface_Ligand, Dtem, Dh_core, Dh_functionalized, Centrifuged, NP_incubation Concentration (mg/mL), Incubation Concentration (mg/ml)",0.9217240255355853
66,0.9417508417508419,0.011472542112727819,0.9242558050440108,0.01959697203240115,0.912571318771921,0.019681875962339924,0.9178842047740478,0.017706611643762117,0.9755519974658304,0.009142892026959696,"Abundance_Controls, Length, Mass, frac_aa_C, frac_aa_E, frac_aa_F, frac_aa_G, frac_aa_H, frac_aa_I, frac_aa_L, frac_aa_M, frac_aa_P, frac_aa_R, frac_aa_S, frac_aa_T, frac_aa_W, frac_aa_Y, molecular_weight, aromaticity, flexibility_mean, flexibility_std, flexibility_max, flexibility_min, isoelectric_point, secondary_structure_fraction_helix, secondary_structure_fraction_sheet, secondary_structure_fraction_disordered, gravy, fraction_buried, fraction_exposed_nonpolar_total, fraction_exposed_nonpolar_exposed, fraction_exposed_polar_total, fraction_exposed_polar_exposed, rsa_mean, rsa_std, asa_sum, fraction_exposed_exposed_C, fraction_exposed_exposed_E, fraction_exposed_exposed_F, fraction_exposed_exposed_G, fraction_exposed_exposed_H, fraction_exposed_exposed_I, fraction_exposed_exposed_L, fraction_exposed_exposed_M, fraction_exposed_exposed_N, fraction_exposed_exposed_P, fraction_exposed_exposed_Q, fraction_exposed_exposed_R, fraction_exposed_exposed_S, fraction_exposed_exposed_T, fraction_exposed_exposed_V, fraction_exposed_exposed_W, fraction_exposed_exposed_Y, nsp_secondary_structure_coil, nsp_secondary_structure_sheet, nsp_secondary_structure_helix, nsp_disordered, Zeta Potential, Core Material, Surface_Ligand, Dtem, Dh_core, Dh_functionalized, Centrifuged, NP_incubation Concentration (mg/mL), Incubation Concentration (mg/ml)",0.917078299638114
65,0.9414141414141415,0.010774410774410766,0.9222866102393021,0.01730059274378116,0.913469645491322,0.022109754353736043,0.9174320099308245,0.018170768214627805,0.9745580843924261,0.0095864983771768,"Abundance_Controls, Length, Mass, frac_aa_C, frac_aa_E, frac_aa_F, frac_aa_G, frac_aa_H, frac_aa_I, frac_aa_L, frac_aa_M, frac_aa_P, frac_aa_R, frac_aa_S, frac_aa_T, frac_aa_W, molecular_weight, aromaticity, flexibility_mean, flexibility_std, flexibility_max, flexibility_min, isoelectric_point, secondary_structure_fraction_helix, secondary_structure_fraction_sheet, secondary_structure_fraction_disordered, gravy, fraction_buried, fraction_exposed_nonpolar_total, fraction_exposed_nonpolar_exposed, fraction_exposed_polar_total, fraction_exposed_polar_exposed, rsa_mean, rsa_std, asa_sum, fraction_exposed_exposed_C, fraction_exposed_exposed_E, fraction_exposed_exposed_F, fraction_exposed_exposed_G, fraction_exposed_exposed_H, fraction_exposed_exposed_I, fraction_exposed_exposed_L, fraction_exposed_exposed_M, fraction_exposed_exposed_N, fraction_exposed_exposed_P, fraction_exposed_exposed_Q, fraction_exposed_exposed_R, fraction_exposed_exposed_S, fraction_exposed_exposed_T, fraction_exposed_exposed_V, fraction_exposed_exposed_W, fraction_exposed_exposed_Y, nsp_secondary_structure_coil, nsp_secondary_structure_sheet, nsp_secondary_structure_helix, nsp_disordered, Zeta Potential, Core Material, Surface_Ligand, Dtem, Dh_core, Dh_functionalized, Centrifuged, NP_incubation Concentration (mg/mL), Incubation Concentration (mg/ml)",0.9176397306397307
64,0.9451178451178451,0.01137329680407712,0.9273134055361048,0.019092731026336872,0.9192626579483452,0.02124077839639204,0.9228137497249952,0.01821582824664174,0.9744880434220958,0.008603515285938198,"Abundance_Controls, Length, Mass, frac_aa_C, frac_aa_E, frac_aa_F, frac_aa_G, frac_aa_H, frac_aa_I, frac_aa_L, frac_aa_M, frac_aa_P, frac_aa_R, frac_aa_S, frac_aa_T, frac_aa_W, molecular_weight, aromaticity, flexibility_mean, flexibility_std, flexibility_max, flexibility_min, isoelectric_point, secondary_structure_fraction_helix, secondary_structure_fraction_sheet, secondary_structure_fraction_disordered, gravy, fraction_buried, fraction_exposed_nonpolar_total, fraction_exposed_nonpolar_exposed, fraction_exposed_polar_total, fraction_exposed_polar_exposed, rsa_mean, rsa_std, asa_sum, fraction_exposed_exposed_C, fraction_exposed_exposed_E, fraction_exposed_exposed_G, fraction_exposed_exposed_H, fraction_exposed_exposed_I, fraction_exposed_exposed_L, fraction_exposed_exposed_M, fraction_exposed_exposed_N, fraction_exposed_exposed_P, fraction_exposed_exposed_Q, fraction_exposed_exposed_R, fraction_exposed_exposed_S, fraction_exposed_exposed_T, fraction_exposed_exposed_V, fraction_exposed_exposed_W, fraction_exposed_exposed_Y, nsp_secondary_structure_coil, nsp_secondary_structure_sheet, nsp_secondary_structure_helix, nsp_disordered, Zeta Potential, Core Material, Surface_Ligand, Dtem, Dh_core, Dh_functionalized, Centrifuged, NP_incubation Concentration (mg/mL), Incubation Concentration (mg/ml)",0.9209445483137679
63,0.9383838383838384,0.014209392488895063,0.9183228785162983,0.021147300160622173,0.9091361603936232,0.02479253117916374,0.9132964615985004,0.021709266130925386,0.9731093374121013,0.01116685037231738,"Abundance_Controls, Length, Mass, frac_aa_C, frac_aa_E, frac_aa_F, frac_aa_G, frac_aa_H, frac_aa_I, frac_aa_L, frac_aa_M, frac_aa_P, frac_aa_R, frac_aa_S, frac_aa_T, frac_aa_W, molecular_weight, aromaticity, flexibility_mean, flexibility_std, flexibility_max, flexibility_min, isoelectric_point, secondary_structure_fraction_helix, secondary_structure_fraction_sheet, secondary_structure_fraction_disordered, gravy, fraction_buried, fraction_exposed_nonpolar_total, fraction_exposed_nonpolar_exposed, fraction_exposed_polar_total, fraction_exposed_polar_exposed, rsa_mean, rsa_std, asa_sum, fraction_exposed_exposed_C, fraction_exposed_exposed_G, fraction_exposed_exposed_H, fraction_exposed_exposed_I, fraction_exposed_exposed_L, fraction_exposed_exposed_M, fraction_exposed_exposed_N, fraction_exposed_exposed_P, fraction_exposed_exposed_Q, fraction_exposed_exposed_R, fraction_exposed_exposed_S, fraction_exposed_exposed_T, fraction_exposed_exposed_V, fraction_exposed_exposed_W, fraction_exposed_exposed_Y, nsp_secondary_structure_coil, nsp_secondary_structure_sheet, nsp_secondary_structure_helix, nsp_disordered, Zeta Potential, Core Material, Surface_Ligand, Dtem, Dh_core, Dh_functionalized, Centrifuged, NP_incubation Concentration (mg/mL), Incubation Concentration (mg/ml)",0.9115744458949433
62,0.9434343434343434,0.010732240707413616,0.9256864576157625,0.018230255850158347,0.9156480127133451,0.019568007222046466,0.9202653700460794,0.017394315236421234,0.9730826404750802,0.008935726968942903,"Abundance_Controls, Length, Mass, frac_aa_C, frac_aa_E, frac_aa_F, frac_aa_G, frac_aa_H, frac_aa_I, frac_aa_L, frac_aa_M, frac_aa_P, frac_aa_R, frac_aa_S, frac_aa_T, frac_aa_W, molecular_weight, aromaticity, flexibility_mean, flexibility_std, flexibility_max, flexibility_min, isoelectric_point, secondary_structure_fraction_helix, secondary_structure_fraction_sheet, secondary_structure_fraction_disordered, gravy, fraction_buried, fraction_exposed_nonpolar_total, fraction_exposed_nonpolar_exposed, fraction_exposed_polar_total, fraction_exposed_polar_exposed, rsa_mean, rsa_std, asa_sum, fraction_exposed_exposed_C, fraction_exposed_exposed_G, fraction_exposed_exposed_H, fraction_exposed_exposed_I, fraction_exposed_exposed_L, fraction_exposed_exposed_M, fraction_exposed_exposed_P, fraction_exposed_exposed_Q, fraction_exposed_exposed_R, fraction_exposed_exposed_S, fraction_exposed_exposed_T, fraction_exposed_exposed_V, fraction_exposed_exposed_W, fraction_exposed_exposed_Y, nsp_secondary_structure_coil, nsp_secondary_structure_sheet, nsp_secondary_structure_helix, nsp_disordered, Zeta Potential, Core Material, Surface_Ligand, Dtem, Dh_core, Dh_functionalized, Centrifuged, NP_incubation Concentration (mg/mL), Incubation Concentration (mg/ml)",0.9203021027269298
61,0.9400673400673402,0.013109712009381685,0.9207269929247944,0.021031218658322366,0.9115391008225207,0.02255850255023108,0.9157036174868391,0.020331107306684505,0.9757656917275866,0.006945531027780776,"Abundance_Controls, Length, Mass, frac_aa_C, frac_aa_E, frac_aa_F, frac_aa_G, frac_aa_I, frac_aa_L, frac_aa_M, frac_aa_P, frac_aa_R, frac_aa_S, frac_aa_T, frac_aa_W, molecular_weight, aromaticity, flexibility_mean, flexibility_std, flexibility_max, flexibility_min, isoelectric_point, secondary_structure_fraction_helix, secondary_structure_fraction_sheet, secondary_structure_fraction_disordered, gravy, fraction_buried, fraction_exposed_nonpolar_total, fraction_exposed_nonpolar_exposed, fraction_exposed_polar_total, fraction_exposed_polar_exposed, rsa_mean, rsa_std, asa_sum, fraction_exposed_exposed_C, fraction_exposed_exposed_G, fraction_exposed_exposed_H, fraction_exposed_exposed_I, fraction_exposed_exposed_L, fraction_exposed_exposed_M, fraction_exposed_exposed_P, fraction_exposed_exposed_Q, fraction_exposed_exposed_R, fraction_exposed_exposed_S, fraction_exposed_exposed_T, fraction_exposed_exposed_V, fraction_exposed_exposed_W, fraction_exposed_exposed_Y, nsp_secondary_structure_coil, nsp_secondary_structure_sheet, nsp_secondary_structure_helix, nsp_disordered, Zeta Potential, Core Material, Surface_Ligand, Dtem, Dh_core, Dh_functionalized, Centrifuged, NP_incubation Concentration (mg/mL), Incubation Concentration (mg/ml)",0.9147576280579585
60,0.9420875420875422,0.012669958062105566,0.923926704777932,0.020110275622266967,0.9138967990232854,0.022775700563446414,0.9184193425514422,0.019786613263688115,0.973574693175218,0.009582408919014136,"Abundance_Controls, Length, Mass, frac_aa_C, frac_aa_E, frac_aa_F, frac_aa_G, frac_aa_I, frac_aa_L, frac_aa_M, frac_aa_P, frac_aa_R, frac_aa_S, frac_aa_T, frac_aa_W, molecular_weight, aromaticity, flexibility_mean, flexibility_std, flexibility_max, flexibility_min, isoelectric_point, secondary_structure_fraction_helix, secondary_structure_fraction_sheet, secondary_structure_fraction_disordered, gravy, fraction_buried, fraction_exposed_nonpolar_total, fraction_exposed_nonpolar_exposed, fraction_exposed_polar_total, fraction_exposed_polar_exposed, rsa_mean, rsa_std, asa_sum, fraction_exposed_exposed_C, fraction_exposed_exposed_G, fraction_exposed_exposed_H, fraction_exposed_exposed_I, fraction_exposed_exposed_L, fraction_exposed_exposed_M, fraction_exposed_exposed_P, fraction_exposed_exposed_Q, fraction_exposed_exposed_R, fraction_exposed_exposed_S, fraction_exposed_exposed_T, fraction_exposed_exposed_V, fraction_exposed_exposed_Y, nsp_secondary_structure_coil, nsp_secondary_structure_sheet, nsp_secondary_structure_helix, nsp_disordered, Zeta Potential, Core Material, Surface_Ligand, Dtem, Dh_core, Dh_functionalized, Centrifuged, NP_incubation Concentration (mg/mL), Incubation Concentration (mg/ml)",0.9174175840254366
59,0.9444444444444444,0.009787502931817264,0.9275361700453939,0.01579951915562299,0.916777665307397,0.020367965251563085,0.9216286612677671,0.016046542725128055,0.9745873969558924,0.008629511071276451,"Abundance_Controls, Length, Mass, frac_aa_C, frac_aa_E, frac_aa_F, frac_aa_G, frac_aa_I, frac_aa_L, frac_aa_M, frac_aa_P, frac_aa_R, frac_aa_S, frac_aa_T, frac_aa_W, molecular_weight, flexibility_mean, flexibility_std, flexibility_max, flexibility_min, isoelectric_point, secondary_structure_fraction_helix, secondary_structure_fraction_sheet, secondary_structure_fraction_disordered, gravy, fraction_buried, fraction_exposed_nonpolar_total, fraction_exposed_nonpolar_exposed, fraction_exposed_polar_total, fraction_exposed_polar_exposed, rsa_mean, rsa_std, asa_sum, fraction_exposed_exposed_C, fraction_exposed_exposed_G, fraction_exposed_exposed_H, fraction_exposed_exposed_I, fraction_exposed_exposed_L, fraction_exposed_exposed_M, fraction_exposed_exposed_P, fraction_exposed_exposed_Q, fraction_exposed_exposed_R, fraction_exposed_exposed_S, fraction_exposed_exposed_T, fraction_exposed_exposed_V, fraction_exposed_exposed_Y, nsp_secondary_structure_coil, nsp_secondary_structure_sheet, nsp_secondary_structure_helix, nsp_disordered, Zeta Potential, Core Material, Surface_Ligand, Dtem, Dh_core, Dh_functionalized, Centrifuged, NP_incubation Concentration (mg/mL), Incubation Concentration (mg/ml)",0.9228569415126271
58,0.9420875420875421,0.011837303590065275,0.9239056889392065,0.01786716655453411,0.9138705748654239,0.022097008585985876,0.9184487409640848,0.01856512627664776,0.9754208729977065,0.008537076146708483,"Abundance_Controls, Length, Mass, frac_aa_C, frac_aa_E, frac_aa_F, frac_aa_G, frac_aa_I, frac_aa_L, frac_aa_M, frac_aa_P, frac_aa_R, frac_aa_S, frac_aa_T, frac_aa_W, molecular_weight, flexibility_mean, flexibility_std, flexibility_min, isoelectric_point, secondary_structure_fraction_helix, secondary_structure_fraction_sheet, secondary_structure_fraction_disordered, gravy, fraction_buried, fraction_exposed_nonpolar_total, fraction_exposed_nonpolar_exposed, fraction_exposed_polar_total, fraction_exposed_polar_exposed, rsa_mean, rsa_std, asa_sum, fraction_exposed_exposed_C, fraction_exposed_exposed_G, fraction_exposed_exposed_H, fraction_exposed_exposed_I, fraction_exposed_exposed_L, fraction_exposed_exposed_M, fraction_exposed_exposed_P, fraction_exposed_exposed_Q, fraction_exposed_exposed_R, fraction_exposed_exposed_S, fraction_exposed_exposed_T, fraction_exposed_exposed_V, fraction_exposed_exposed_Y, nsp_secondary_structure_coil, nsp_secondary_structure_sheet, nsp_secondary_structure_helix, nsp_disordered, Zeta Potential, Core Material, Surface_Ligand, Dtem, Dh_core, Dh_functionalized, Centrifuged, NP_incubation Concentration (mg/mL), Incubation Concentration (mg/ml)",0.9186502384974768
57,0.9420875420875421,0.011348349862863774,0.9240272162942184,0.017095845306194277,0.9143544566875705,0.01953824099891805,0.9187251191080892,0.0163500894627956,0.9761578506414146,0.008094546831353591,"Abundance_Controls, Length, Mass, frac_aa_C, frac_aa_E, frac_aa_F, frac_aa_G, frac_aa_I, frac_aa_L, frac_aa_M, frac_aa_P, frac_aa_R, frac_aa_S, frac_aa_T, frac_aa_W, molecular_weight, flexibility_mean, flexibility_std, flexibility_min, isoelectric_point, secondary_structure_fraction_helix, secondary_structure_fraction_sheet, secondary_structure_fraction_disordered, gravy, fraction_buried, fraction_exposed_nonpolar_total, fraction_exposed_nonpolar_exposed, fraction_exposed_polar_total, fraction_exposed_polar_exposed, rsa_mean, rsa_std, asa_sum, fraction_exposed_exposed_C, fraction_exposed_exposed_G, fraction_exposed_exposed_H, fraction_exposed_exposed_I, fraction_exposed_exposed_L, fraction_exposed_exposed_M, fraction_exposed_exposed_P, fraction_exposed_exposed_Q, fraction_exposed_exposed_R, fraction_exposed_exposed_S, fraction_exposed_exposed_T, fraction_exposed_exposed_V, fraction_exposed_exposed_Y, nsp_secondary_structure_coil, nsp_secondary_structure_sheet, nsp_secondary_structure_helix, nsp_disordered, Zeta Potential, Core Material, Surface_Ligand, Dtem, Dh_core, Dh_functionalized, NP_incubation Concentration (mg/mL), Incubation Concentration (mg/ml)",0.9193391922246783
56,0.9417508417508419,0.012329854157306764,0.9224340073613444,0.017385781402020597,0.9143581276572661,0.026539025003026996,0.917841126315945,0.020390050778874305,0.9742151099475963,0.01116560026872952,"Abundance_Controls, Length, Mass, frac_aa_C, frac_aa_E, frac_aa_F, frac_aa_G, frac_aa_I, frac_aa_L, frac_aa_M, frac_aa_P, frac_aa_R, frac_aa_S, frac_aa_T, frac_aa_W, molecular_weight, flexibility_mean, flexibility_std, flexibility_min, isoelectric_point, secondary_structure_fraction_helix, secondary_structure_fraction_sheet, secondary_structure_fraction_disordered, gravy, fraction_buried, fraction_exposed_nonpolar_total, fraction_exposed_nonpolar_exposed, fraction_exposed_polar_total, fraction_exposed_polar_exposed, rsa_mean, rsa_std, asa_sum, fraction_exposed_exposed_C, fraction_exposed_exposed_G, fraction_exposed_exposed_H, fraction_exposed_exposed_I, fraction_exposed_exposed_L, fraction_exposed_exposed_M, fraction_exposed_exposed_P, fraction_exposed_exposed_Q, fraction_exposed_exposed_R, fraction_exposed_exposed_S, fraction_exposed_exposed_T, fraction_exposed_exposed_V, fraction_exposed_exposed_Y, nsp_secondary_structure_coil, nsp_secondary_structure_sheet, nsp_secondary_structure_helix, Zeta Potential, Core Material, Surface_Ligand, Dtem, Dh_core, Dh_functionalized, NP_incubation Concentration (mg/mL), Incubation Concentration (mg/ml)",0.9182209875935351
55,0.9430976430976432,0.010695205504557968,0.9268689972919322,0.016046068981773867,0.9138164410778039,0.019921912342725376,0.919735903900639,0.016002833140944854,0.9757959033733096,0.007987689819319596,"Abundance_Controls, Length, Mass, frac_aa_C, frac_aa_E, frac_aa_F, frac_aa_G, frac_aa_I, frac_aa_L, frac_aa_M, frac_aa_P, frac_aa_R, frac_aa_S, frac_aa_T, frac_aa_W, molecular_weight, flexibility_mean, flexibility_std, flexibility_min, isoelectric_point, secondary_structure_fraction_helix, secondary_structure_fraction_sheet, secondary_structure_fraction_disordered, gravy, fraction_buried, fraction_exposed_nonpolar_total, fraction_exposed_nonpolar_exposed, fraction_exposed_polar_total, fraction_exposed_polar_exposed, rsa_mean, rsa_std, asa_sum, fraction_exposed_exposed_C, fraction_exposed_exposed_G, fraction_exposed_exposed_H, fraction_exposed_exposed_I, fraction_exposed_exposed_L, fraction_exposed_exposed_M, fraction_exposed_exposed_P, fraction_exposed_exposed_R, fraction_exposed_exposed_S, fraction_exposed_exposed_T, fraction_exposed_exposed_V, fraction_exposed_exposed_Y, nsp_secondary_structure_coil, nsp_secondary_structure_sheet, nsp_secondary_structure_helix, Zeta Potential, Core Material, Surface_Ligand, Dtem, Dh_core, Dh_functionalized, NP_incubation Concentration (mg/mL), Incubation Concentration (mg/ml)",0.9214024375930853
54,0.9430976430976431,0.009457624178577876,0.9240874573698734,0.015214317568049661,0.9174172386983782,0.01778479804124917,0.9203426393538882,0.014466242104664049,0.977116514476568,0.00773076666546494,"Abundance_Controls, Length, Mass, frac_aa_C, frac_aa_E, frac_aa_F, frac_aa_G, frac_aa_I, frac_aa_L, frac_aa_M, frac_aa_P, frac_aa_R, frac_aa_S, frac_aa_T, frac_aa_W, molecular_weight, flexibility_std, flexibility_min, isoelectric_point, secondary_structure_fraction_helix, secondary_structure_fraction_sheet, secondary_structure_fraction_disordered, gravy, fraction_buried, fraction_exposed_nonpolar_total, fraction_exposed_nonpolar_exposed, fraction_exposed_polar_total, fraction_exposed_polar_exposed, rsa_mean, rsa_std, asa_sum, fraction_exposed_exposed_C, fraction_exposed_exposed_G, fraction_exposed_exposed_H, fraction_exposed_exposed_I, fraction_exposed_exposed_L, fraction_exposed_exposed_M, fraction_exposed_exposed_P, fraction_exposed_exposed_R, fraction_exposed_exposed_S, fraction_exposed_exposed_T, fraction_exposed_exposed_V, fraction_exposed_exposed_Y, nsp_secondary_structure_coil, nsp_secondary_structure_sheet, nsp_secondary_structure_helix, Zeta Potential, Core Material, Surface_Ligand, Dtem, Dh_core, Dh_functionalized, NP_incubation Concentration (mg/mL), Incubation Concentration (mg/ml)",0.9228400189190652
53,0.9420875420875421,0.010301049522409667,0.9247017913338554,0.014661925142812246,0.9129200331575476,0.02230661893246875,0.9182225947717013,0.01700272631402978,0.9753715946137209,0.007913734484275554,"Abundance_Controls, Length, Mass, frac_aa_C, frac_aa_E, frac_aa_F, frac_aa_G, frac_aa_I, frac_aa_L, frac_aa_M, frac_aa_P, frac_aa_R, frac_aa_S, frac_aa_T, frac_aa_W, molecular_weight, flexibility_std, flexibility_min, isoelectric_point, secondary_structure_fraction_helix, secondary_structure_fraction_sheet, secondary_structure_fraction_disordered, gravy, fraction_exposed_nonpolar_total, fraction_exposed_nonpolar_exposed, fraction_exposed_polar_total, fraction_exposed_polar_exposed, rsa_mean, rsa_std, asa_sum, fraction_exposed_exposed_C, fraction_exposed_exposed_G, fraction_exposed_exposed_H, fraction_exposed_exposed_I, fraction_exposed_exposed_L, fraction_exposed_exposed_M, fraction_exposed_exposed_P, fraction_exposed_exposed_R, fraction_exposed_exposed_S, fraction_exposed_exposed_T, fraction_exposed_exposed_V, fraction_exposed_exposed_Y, nsp_secondary_structure_coil, nsp_secondary_structure_sheet, nsp_secondary_structure_helix, Zeta Potential, Core Material, Surface_Ligand, Dtem, Dh_core, Dh_functionalized, NP_incubation Concentration (mg/mL), Incubation Concentration (mg/ml)",0.9211864925651324
52,0.9417508417508419,0.012237563532246618,0.9242214001103026,0.019889725379379105,0.913069879241276,0.02075330893674539,0.9180703982112878,0.018315278078493275,0.9757349762165053,0.008611729824760512,"Abundance_Controls, Length, Mass, frac_aa_C, frac_aa_E, frac_aa_F, frac_aa_G, frac_aa_I, frac_aa_L, frac_aa_M, frac_aa_P, frac_aa_R, frac_aa_S, frac_aa_T, frac_aa_W, molecular_weight, flexibility_std, flexibility_min, isoelectric_point, secondary_structure_fraction_helix, secondary_structure_fraction_sheet, secondary_structure_fraction_disordered, gravy, fraction_exposed_nonpolar_exposed, fraction_exposed_polar_total, fraction_exposed_polar_exposed, rsa_mean, rsa_std, asa_sum, fraction_exposed_exposed_C, fraction_exposed_exposed_G, fraction_exposed_exposed_H, fraction_exposed_exposed_I, fraction_exposed_exposed_L, fraction_exposed_exposed_M, fraction_exposed_exposed_P, fraction_exposed_exposed_R, fraction_exposed_exposed_S, fraction_exposed_exposed_T, fraction_exposed_exposed_V, fraction_exposed_exposed_Y, nsp_secondary_structure_coil, nsp_secondary_structure_sheet, nsp_secondary_structure_helix, Zeta Potential, Core Material, Surface_Ligand, Dtem, Dh_core, Dh_functionalized, NP_incubation Concentration (mg/mL), Incubation Concentration (mg/ml)",0.9191132782185953
51,0.9430976430976432,0.012181853545539075,0.9259531144970031,0.019228754039313123,0.91463465879904,0.02032091044982101,0.9198534260392138,0.018222056696657475,0.9731810994937635,0.009048969823720977,"Abundance_Controls, Length, Mass, frac_aa_C, frac_aa_F, frac_aa_G, frac_aa_I, frac_aa_L, frac_aa_M, frac_aa_P, frac_aa_R, frac_aa_S, frac_aa_T, frac_aa_W, molecular_weight, flexibility_std, flexibility_min, isoelectric_point, secondary_structure_fraction_helix, secondary_structure_fraction_sheet, secondary_structure_fraction_disordered, gravy, fraction_exposed_nonpolar_exposed, fraction_exposed_polar_total, fraction_exposed_polar_exposed, rsa_mean, rsa_std, asa_sum, fraction_exposed_exposed_C, fraction_exposed_exposed_G, fraction_exposed_exposed_H, fraction_exposed_exposed_I, fraction_exposed_exposed_L, fraction_exposed_exposed_M, fraction_exposed_exposed_P, fraction_exposed_exposed_R, fraction_exposed_exposed_S, fraction_exposed_exposed_T, fraction_exposed_exposed_V, fraction_exposed_exposed_Y, nsp_secondary_structure_coil, nsp_secondary_structure_sheet, nsp_secondary_structure_helix, Zeta Potential, Core Material, Surface_Ligand, Dtem, Dh_core, Dh_functionalized, NP_incubation Concentration (mg/mL), Incubation Concentration (mg/ml)",0.9207157895521042
50,0.9427609427609427,0.011760437169409407,0.9227212518946576,0.01696384932393896,0.9172300088156051,0.023277016822437886,0.9196419287505411,0.01897608454317879,0.9738032187479464,0.010362620062417319,"Abundance_Controls, Length, Mass, frac_aa_C, frac_aa_F, frac_aa_G, frac_aa_I, frac_aa_L, frac_aa_M, frac_aa_P, frac_aa_R, frac_aa_S, frac_aa_T, frac_aa_W, molecular_weight, flexibility_std, flexibility_min, isoelectric_point, secondary_structure_fraction_helix, secondary_structure_fraction_sheet, secondary_structure_fraction_disordered, gravy, fraction_exposed_nonpolar_exposed, fraction_exposed_polar_total, fraction_exposed_polar_exposed, rsa_mean, rsa_std, asa_sum, fraction_exposed_exposed_C, fraction_exposed_exposed_G, fraction_exposed_exposed_H, fraction_exposed_exposed_I, fraction_exposed_exposed_L, fraction_exposed_exposed_M, fraction_exposed_exposed_P, fraction_exposed_exposed_R, fraction_exposed_exposed_S, fraction_exposed_exposed_T, fraction_exposed_exposed_V, fraction_exposed_exposed_Y, nsp_secondary_structure_coil, nsp_secondary_structure_sheet, nsp_secondary_structure_helix, Zeta Potential, Surface_Ligand, Dtem, Dh_core, Dh_functionalized, NP_incubation Concentration (mg/mL), Incubation Concentration (mg/ml)",0.9210005055915332
49,0.9400673400673402,0.011447811447811443,0.9207400770567535,0.014736503730678438,0.9117141706329548,0.02269481626135834,0.9157525745591606,0.017227112799840405,0.9750596809094667,0.008343004229160154,"Abundance_Controls, Length, Mass, frac_aa_C, frac_aa_F, frac_aa_G, frac_aa_I, frac_aa_L, frac_aa_M, frac_aa_P, frac_aa_R, frac_aa_S, frac_aa_T, frac_aa_W, molecular_weight, flexibility_std, flexibility_min, isoelectric_point, secondary_structure_fraction_helix, secondary_structure_fraction_sheet, secondary_structure_fraction_disordered, gravy, fraction_exposed_nonpolar_exposed, fraction_exposed_polar_total, fraction_exposed_polar_exposed, rsa_mean, rsa_std, asa_sum, fraction_exposed_exposed_C, fraction_exposed_exposed_H, fraction_exposed_exposed_I, fraction_exposed_exposed_L, fraction_exposed_exposed_M, fraction_exposed_exposed_P, fraction_exposed_exposed_R, fraction_exposed_exposed_S, fraction_exposed_exposed_T, fraction_exposed_exposed_V, fraction_exposed_exposed_Y, nsp_secondary_structure_coil, nsp_secondary_structure_sheet, nsp_secondary_structure_helix, Zeta Potential, Surface_Ligand, Dtem, Dh_core, Dh_functionalized, NP_incubation Concentration (mg/mL), Incubation Concentration (mg/ml)",0.9188195286195286
48,0.9417508417508419,0.012329854157306766,0.92446256884559,0.01585679237325475,0.9126383772855524,0.025665992660520554,0.9178284118384555,0.019053972206808493,0.9761690420681474,0.007371686524448289,"Abundance_Controls, Length, Mass, frac_aa_C, frac_aa_F, frac_aa_G, frac_aa_I, frac_aa_L, frac_aa_M, frac_aa_P, frac_aa_R, frac_aa_S, frac_aa_T, frac_aa_W, molecular_weight, flexibility_min, isoelectric_point, secondary_structure_fraction_helix, secondary_structure_fraction_sheet, secondary_structure_fraction_disordered, gravy, fraction_exposed_nonpolar_exposed, fraction_exposed_polar_total, fraction_exposed_polar_exposed, rsa_mean, rsa_std, asa_sum, fraction_exposed_exposed_C, fraction_exposed_exposed_H, fraction_exposed_exposed_I, fraction_exposed_exposed_L, fraction_exposed_exposed_M, fraction_exposed_exposed_P, fraction_exposed_exposed_R, fraction_exposed_exposed_S, fraction_exposed_exposed_T, fraction_exposed_exposed_V, fraction_exposed_exposed_Y, nsp_secondary_structure_coil, nsp_secondary_structure_sheet, nsp_secondary_structure_helix, Zeta Potential, Surface_Ligand, Dtem, Dh_core, Dh_functionalized, NP_incubation Concentration (mg/mL), Incubation Concentration (mg/ml)",0.919820987593535
47,0.9414141414141415,0.011585623255276258,0.9245724402699192,0.016431660632881533,0.9109945036617303,0.023479552634724163,0.9170952397651091,0.01818640751179378,0.9744691598007152,0.009569776751989481,"Abundance_Controls, Length, Mass, frac_aa_C, frac_aa_F, frac_aa_G, frac_aa_I, frac_aa_L, frac_aa_M, frac_aa_P, frac_aa_R, frac_aa_S, frac_aa_T, frac_aa_W, molecular_weight, flexibility_min, isoelectric_point, secondary_structure_fraction_helix, secondary_structure_fraction_sheet, secondary_structure_fraction_disordered, gravy, fraction_exposed_nonpolar_exposed, fraction_exposed_polar_total, fraction_exposed_polar_exposed, rsa_mean, rsa_std, asa_sum, fraction_exposed_exposed_C, fraction_exposed_exposed_H, fraction_exposed_exposed_I, fraction_exposed_exposed_M, fraction_exposed_exposed_P, fraction_exposed_exposed_R, fraction_exposed_exposed_S, fraction_exposed_exposed_T, fraction_exposed_exposed_V, fraction_exposed_exposed_Y, nsp_secondary_structure_coil, nsp_secondary_structure_sheet, nsp_secondary_structure_helix, Zeta Potential, Surface_Ligand, Dtem, Dh_core, Dh_functionalized, NP_incubation Concentration (mg/mL), Incubation Concentration (mg/ml)",0.9204285181588653
46,0.9437710437710438,0.009040889954274446,0.9256863629676635,0.01348866692865475,0.9173521338108781,0.019647923550187987,0.9210273725327252,0.014426898215177422,0.9762504242353136,0.008195348664925349,"Abundance_Controls, Length, Mass, frac_aa_C, frac_aa_F, frac_aa_G, frac_aa_I, frac_aa_L, frac_aa_M, frac_aa_R, frac_aa_S, frac_aa_T, frac_aa_W, molecular_weight, flexibility_min, isoelectric_point, secondary_structure_fraction_helix, secondary_structure_fraction_sheet, secondary_structure_fraction_disordered, gravy, fraction_exposed_nonpolar_exposed, fraction_exposed_polar_total, fraction_exposed_polar_exposed, rsa_mean, rsa_std, asa_sum, fraction_exposed_exposed_C, fraction_exposed_exposed_H, fraction_exposed_exposed_I, fraction_exposed_exposed_M, fraction_exposed_exposed_P, fraction_exposed_exposed_R, fraction_exposed_exposed_S, fraction_exposed_exposed_T, fraction_exposed_exposed_V, fraction_exposed_exposed_Y, nsp_secondary_structure_coil, nsp_secondary_structure_sheet, nsp_secondary_structure_helix, Zeta Potential, Surface_Ligand, Dtem, Dh_core, Dh_functionalized, NP_incubation Concentration (mg/mL), Incubation Concentration (mg/ml)",0.9255301538167694
45,0.9410774410774412,0.010567242307390716,0.9217247065211506,0.01519377138846734,0.913214665173417,0.023090180621536057,0.9169826388843539,0.017561583953783294,0.9745509973907579,0.009207555177167969,"Abundance_Controls, Length, Mass, frac_aa_C, frac_aa_F, frac_aa_G, frac_aa_I, frac_aa_L, frac_aa_M, frac_aa_R, frac_aa_S, frac_aa_T, frac_aa_W, molecular_weight, flexibility_min, isoelectric_point, secondary_structure_fraction_helix, secondary_structure_fraction_sheet, secondary_structure_fraction_disordered, gravy, fraction_exposed_nonpolar_exposed, fraction_exposed_polar_total, fraction_exposed_polar_exposed, rsa_mean, asa_sum, fraction_exposed_exposed_C, fraction_exposed_exposed_H, fraction_exposed_exposed_I, fraction_exposed_exposed_M, fraction_exposed_exposed_P, fraction_exposed_exposed_R, fraction_exposed_exposed_S, fraction_exposed_exposed_T, fraction_exposed_exposed_V, fraction_exposed_exposed_Y, nsp_secondary_structure_coil, nsp_secondary_structure_sheet, nsp_secondary_structure_helix, Zeta Potential, Surface_Ligand, Dtem, Dh_core, Dh_functionalized, NP_incubation Concentration (mg/mL), Incubation Concentration (mg/ml)",0.9215101987700505
44,0.9427609427609427,0.011065102171821535,0.9238875552917346,0.01464510885822641,0.9162617830810152,0.022231972562526407,0.9196599087978738,0.01698996208933236,0.9746108968254891,0.007827411946244856,"Abundance_Controls, Length, Mass, frac_aa_C, frac_aa_F, frac_aa_G, frac_aa_I, frac_aa_L, frac_aa_M, frac_aa_R, frac_aa_S, frac_aa_T, frac_aa_W, molecular_weight, flexibility_min, isoelectric_point, secondary_structure_fraction_helix, secondary_structure_fraction_sheet, gravy, fraction_exposed_nonpolar_exposed, fraction_exposed_polar_total, fraction_exposed_polar_exposed, rsa_mean, asa_sum, fraction_exposed_exposed_C, fraction_exposed_exposed_H, fraction_exposed_exposed_I, fraction_exposed_exposed_M, fraction_exposed_exposed_P, fraction_exposed_exposed_R, fraction_exposed_exposed_S, fraction_exposed_exposed_T, fraction_exposed_exposed_V, fraction_exposed_exposed_Y, nsp_secondary_structure_coil, nsp_secondary_structure_sheet, nsp_secondary_structure_helix, Zeta Potential, Surface_Ligand, Dtem, Dh_core, Dh_functionalized, NP_incubation Concentration (mg/mL), Incubation Concentration (mg/ml)",0.9228958405891211
43,0.9427609427609429,0.008383770773056383,0.9243674070209013,0.013479986208203119,0.9156394632606928,0.018977171200252538,0.919502250640803,0.014160013672194775,0.9751529639045587,0.00948989769657281,"Abundance_Controls, Length, Mass, frac_aa_C, frac_aa_F, frac_aa_G, frac_aa_I, frac_aa_L, frac_aa_M, frac_aa_R, frac_aa_S, frac_aa_T, frac_aa_W, molecular_weight, flexibility_min, isoelectric_point, secondary_structure_fraction_helix, secondary_structure_fraction_sheet, gravy, fraction_exposed_nonpolar_exposed, fraction_exposed_polar_total, fraction_exposed_polar_exposed, rsa_mean, asa_sum, fraction_exposed_exposed_C, fraction_exposed_exposed_H, fraction_exposed_exposed_I, fraction_exposed_exposed_M, fraction_exposed_exposed_P, fraction_exposed_exposed_R, fraction_exposed_exposed_S, fraction_exposed_exposed_T, fraction_exposed_exposed_V, fraction_exposed_exposed_Y, nsp_secondary_structure_sheet, nsp_secondary_structure_helix, Zeta Potential, Surface_Ligand, Dtem, Dh_core, Dh_functionalized, NP_incubation Concentration (mg/mL), Incubation Concentration (mg/ml)",0.9257771719878864
42,0.9430976430976432,0.013505839138135719,0.9271206935379693,0.020327216431176465,0.9128995983027334,0.02465453648193205,0.9193982918423739,0.021147526362403513,0.9750722097609319,0.007337511518569942,"Abundance_Controls, Length, Mass, frac_aa_C, frac_aa_F, frac_aa_G, frac_aa_I, frac_aa_L, frac_aa_M, frac_aa_R, frac_aa_S, frac_aa_T, frac_aa_W, molecular_weight, flexibility_min, isoelectric_point, secondary_structure_fraction_helix, gravy, fraction_exposed_nonpolar_exposed, fraction_exposed_polar_total, fraction_exposed_polar_exposed, rsa_mean, asa_sum, fraction_exposed_exposed_C, fraction_exposed_exposed_H, fraction_exposed_exposed_I, fraction_exposed_exposed_M, fraction_exposed_exposed_P, fraction_exposed_exposed_R, fraction_exposed_exposed_S, fraction_exposed_exposed_T, fraction_exposed_exposed_V, fraction_exposed_exposed_Y, nsp_secondary_structure_sheet, nsp_secondary_structure_helix, Zeta Potential, Surface_Ligand, Dtem, Dh_core, Dh_functionalized, NP_incubation Concentration (mg/mL), Incubation Concentration (mg/ml)",0.9211918039595075
41,0.9400673400673402,0.013195904338225865,0.9213405894958131,0.015931105737378624,0.9106869169437164,0.025861761772053047,0.9155090840723215,0.019995075369283907,0.9731249673025049,0.010289016132429045,"Abundance_Controls, Length, Mass, frac_aa_C, frac_aa_F, frac_aa_G, frac_aa_I, frac_aa_L, frac_aa_M, frac_aa_R, frac_aa_S, frac_aa_T, frac_aa_W, molecular_weight, flexibility_min, isoelectric_point, secondary_structure_fraction_helix, gravy, fraction_exposed_nonpolar_exposed, fraction_exposed_polar_total, fraction_exposed_polar_exposed, rsa_mean, asa_sum, fraction_exposed_exposed_C, fraction_exposed_exposed_H, fraction_exposed_exposed_I, fraction_exposed_exposed_M, fraction_exposed_exposed_P, fraction_exposed_exposed_R, fraction_exposed_exposed_S, fraction_exposed_exposed_T, fraction_exposed_exposed_Y, nsp_secondary_structure_sheet, nsp_secondary_structure_helix, Zeta Potential, Surface_Ligand, Dtem, Dh_core, Dh_functionalized, NP_incubation Concentration (mg/mL), Incubation Concentration (mg/ml)",0.9186714357291144
40,0.9434343434343436,0.0104105217735625,0.9276884170931856,0.013208241654820676,0.9136308965068277,0.022935896833672875,0.9199586528579395,0.016311626800903513,0.9763816232763466,0.007688961161806738,"Abundance_Controls, Length, Mass, frac_aa_C, frac_aa_F, frac_aa_G, frac_aa_I, frac_aa_L, frac_aa_M, frac_aa_R, frac_aa_S, frac_aa_T, frac_aa_W, molecular_weight, flexibility_min, isoelectric_point, secondary_structure_fraction_helix, gravy, fraction_exposed_nonpolar_exposed, fraction_exposed_polar_total, fraction_exposed_polar_exposed, asa_sum, fraction_exposed_exposed_C, fraction_exposed_exposed_H, fraction_exposed_exposed_I, fraction_exposed_exposed_M, fraction_exposed_exposed_P, fraction_exposed_exposed_R, fraction_exposed_exposed_S, fraction_exposed_exposed_T, fraction_exposed_exposed_Y, nsp_secondary_structure_sheet, nsp_secondary_structure_helix, Zeta Potential, Surface_Ligand, Dtem, Dh_core, Dh_functionalized, NP_incubation Concentration (mg/mL), Incubation Concentration (mg/ml)",0.9250238216607811
39,0.9451178451178451,0.011373296804077124,0.9290499499754648,0.016793488946707257,0.9166934350898108,0.023130832521416643,0.9223219889738307,0.018597435494863708,0.9759581505092957,0.008593777759621802,"Abundance_Controls, Length, Mass, frac_aa_C, frac_aa_F, frac_aa_G, frac_aa_I, frac_aa_L, frac_aa_M, frac_aa_R, frac_aa_S, frac_aa_T, frac_aa_W, molecular_weight, flexibility_min, isoelectric_point, gravy, fraction_exposed_nonpolar_exposed, fraction_exposed_polar_total, fraction_exposed_polar_exposed, asa_sum, fraction_exposed_exposed_C, fraction_exposed_exposed_H, fraction_exposed_exposed_I, fraction_exposed_exposed_M, fraction_exposed_exposed_P, fraction_exposed_exposed_R, fraction_exposed_exposed_S, fraction_exposed_exposed_T, fraction_exposed_exposed_Y, nsp_secondary_structure_sheet, nsp_secondary_structure_helix, Zeta Potential, Surface_Ligand, Dtem, Dh_core, Dh_functionalized, NP_incubation Concentration (mg/mL), Incubation Concentration (mg/ml)",0.9259445483137679
38,0.9454545454545455,0.008080808080808088,0.9301416950790721,0.009800871923798115,0.9175528143115443,0.02053437768541046,0.9231143549056526,0.012671702642163975,0.9769845135935332,0.007898139327000302,"Abundance_Controls, Length, Mass, frac_aa_C, frac_aa_F, frac_aa_G, frac_aa_I, frac_aa_L, frac_aa_M, frac_aa_R, frac_aa_T, frac_aa_W, molecular_weight, flexibility_min, isoelectric_point, gravy, fraction_exposed_nonpolar_exposed, fraction_exposed_polar_total, fraction_exposed_polar_exposed, asa_sum, fraction_exposed_exposed_C, fraction_exposed_exposed_H, fraction_exposed_exposed_I, fraction_exposed_exposed_M, fraction_exposed_exposed_P, fraction_exposed_exposed_R, fraction_exposed_exposed_S, fraction_exposed_exposed_T, fraction_exposed_exposed_Y, nsp_secondary_structure_sheet, nsp_secondary_structure_helix, Zeta Potential, Surface_Ligand, Dtem, Dh_core, Dh_functionalized, NP_incubation Concentration (mg/mL), Incubation Concentration (mg/ml)",0.9297737373737374
37,0.9417508417508419,0.010652721898691157,0.9248967674058237,0.015264459370220605,0.9116088982072579,0.022811848217977895,0.9175772867497101,0.017249877489609013,0.9751082237343522,0.010433052124785402,"Abundance_Controls, Length, Mass, frac_aa_C, frac_aa_F, frac_aa_G, frac_aa_I, frac_aa_L, frac_aa_M, frac_aa_R, frac_aa_T, molecular_weight, flexibility_min, isoelectric_point, gravy, fraction_exposed_nonpolar_exposed, fraction_exposed_polar_total, fraction_exposed_polar_exposed, asa_sum, fraction_exposed_exposed_C, fraction_exposed_exposed_H, fraction_exposed_exposed_I, fraction_exposed_exposed_M, fraction_exposed_exposed_P, fraction_exposed_exposed_R, fraction_exposed_exposed_S, fraction_exposed_exposed_T, fraction_exposed_exposed_Y, nsp_secondary_structure_sheet, nsp_secondary_structure_helix, Zeta Potential, Surface_Ligand, Dtem, Dh_core, Dh_functionalized, NP_incubation Concentration (mg/mL), Incubation Concentration (mg/ml)",0.9236981198521508
36,0.9420875420875422,0.011741141935463092,0.9239969948500558,0.018370077207359743,0.9145707673117652,0.01948531504198987,0.9187934114834411,0.016882972062681603,0.9769911416455827,0.007053550570520921,"Abundance_Controls, Length, Mass, frac_aa_C, frac_aa_F, frac_aa_G, frac_aa_I, frac_aa_L, frac_aa_M, frac_aa_R, frac_aa_T, molecular_weight, flexibility_min, isoelectric_point, gravy, fraction_exposed_nonpolar_exposed, fraction_exposed_polar_total, fraction_exposed_polar_exposed, asa_sum, fraction_exposed_exposed_C, fraction_exposed_exposed_I, fraction_exposed_exposed_M, fraction_exposed_exposed_P, fraction_exposed_exposed_R, fraction_exposed_exposed_S, fraction_exposed_exposed_T, fraction_exposed_exposed_Y, nsp_secondary_structure_sheet, nsp_secondary_structure_helix, Zeta Potential, Surface_Ligand, Dtem, Dh_core, Dh_functionalized, NP_incubation Concentration (mg/mL), Incubation Concentration (mg/ml)",0.9231464001520792
35,0.9393939393939394,0.012416894891976948,0.9215200818415663,0.01711717434626537,0.9088202257740912,0.022730646900839608,0.9145944812279094,0.0183455581602146,0.9770589958020863,0.00873875727670568,"Abundance_Controls, Length, Mass, frac_aa_C, frac_aa_F, frac_aa_G, frac_aa_I, frac_aa_L, frac_aa_M, frac_aa_R, frac_aa_T, molecular_weight, flexibility_min, isoelectric_point, gravy, fraction_exposed_nonpolar_exposed, fraction_exposed_polar_total, fraction_exposed_polar_exposed, asa_sum, fraction_exposed_exposed_C, fraction_exposed_exposed_M, fraction_exposed_exposed_P, fraction_exposed_exposed_R, fraction_exposed_exposed_S, fraction_exposed_exposed_T, fraction_exposed_exposed_Y, nsp_secondary_structure_sheet, nsp_secondary_structure_helix, Zeta Potential, Surface_Ligand, Dtem, Dh_core, Dh_functionalized, NP_incubation Concentration (mg/mL), Incubation Concentration (mg/ml)",0.9199770445019625
34,0.9434343434343434,0.011932690334457473,0.9266732104919966,0.015062631809864271,0.9154489899446654,0.022511467465136055,0.9204834944785485,0.01698099386968708,0.9765653334056446,0.008465949230413737,"Abundance_Controls, Length, Mass, frac_aa_C, frac_aa_F, frac_aa_G, frac_aa_I, frac_aa_L, frac_aa_M, frac_aa_R, frac_aa_T, molecular_weight, flexibility_min, isoelectric_point, gravy, fraction_exposed_nonpolar_exposed, fraction_exposed_polar_total, fraction_exposed_polar_exposed, asa_sum, fraction_exposed_exposed_C, fraction_exposed_exposed_M, fraction_exposed_exposed_P, fraction_exposed_exposed_R, fraction_exposed_exposed_S, fraction_exposed_exposed_T, fraction_exposed_exposed_Y, nsp_secondary_structure_sheet, nsp_secondary_structure_helix, Zeta Potential, Surface_Ligand, Dtem, Dh_functionalized, NP_incubation Concentration (mg/mL), Incubation Concentration (mg/ml)",0.924701653099886
33,0.9478114478114479,0.0071027013837471195,0.9329310624863334,0.008683327597547717,0.9213656984860453,0.016495589595146496,0.9266230893167148,0.010546220520727876,0.9782690546705777,0.007419304866745795,"Abundance_Controls, Length, Mass, frac_aa_C, frac_aa_F, frac_aa_G, frac_aa_I, frac_aa_L, frac_aa_M, frac_aa_R, frac_aa_T, molecular_weight, flexibility_min, isoelectric_point, fraction_exposed_nonpolar_exposed, fraction_exposed_polar_total, fraction_exposed_polar_exposed, asa_sum, fraction_exposed_exposed_C, fraction_exposed_exposed_M, fraction_exposed_exposed_P, fraction_exposed_exposed_R, fraction_exposed_exposed_S, fraction_exposed_exposed_T, fraction_exposed_exposed_Y, nsp_secondary_structure_sheet, nsp_secondary_structure_helix, Zeta Potential, Surface_Ligand, Dtem, Dh_functionalized, NP_incubation Concentration (mg/mL), Incubation Concentration (mg/ml)",0.9341087464277007
32,0.9481481481481483,0.007853133865111519,0.9331945438495659,0.011433529319717183,0.9218859048763102,0.016713604587235253,0.9270571567895279,0.012062384363789853,0.9778262873384863,0.006777192246352957,"Abundance_Controls, Length, Mass, frac_aa_C, frac_aa_F, frac_aa_G, frac_aa_I, frac_aa_L, frac_aa_M, frac_aa_R, frac_aa_T, molecular_weight, flexibility_min, isoelectric_point, fraction_exposed_nonpolar_exposed, fraction_exposed_polar_total, fraction_exposed_polar_exposed, asa_sum, fraction_exposed_exposed_C, fraction_exposed_exposed_M, fraction_exposed_exposed_R, fraction_exposed_exposed_S, fraction_exposed_exposed_T, fraction_exposed_exposed_Y, nsp_secondary_structure_sheet, nsp_secondary_structure_helix, Zeta Potential, Surface_Ligand, Dtem, Dh_functionalized, NP_incubation Concentration (mg/mL), Incubation Concentration (mg/ml)",0.9338950142830368
31,0.9481481481481483,0.01087912082249393,0.9326790006090331,0.016465503053400492,0.9220746841310492,0.02212645733181958,0.9268520085299432,0.017552316721511984,0.9741792846007844,0.008960398687964355,"Abundance_Controls, Length, Mass, frac_aa_C, frac_aa_F, frac_aa_G, frac_aa_I, frac_aa_L, frac_aa_M, frac_aa_R, frac_aa_T, molecular_weight, flexibility_min, isoelectric_point, fraction_exposed_nonpolar_exposed, fraction_exposed_polar_total, fraction_exposed_polar_exposed, asa_sum, fraction_exposed_exposed_C, fraction_exposed_exposed_M, fraction_exposed_exposed_R, fraction_exposed_exposed_S, fraction_exposed_exposed_T, fraction_exposed_exposed_Y, nsp_secondary_structure_sheet, nsp_secondary_structure_helix, Zeta Potential, Surface_Ligand, Dtem, Dh_functionalized, Incubation Concentration (mg/ml)",0.9310690273256543
30,0.9451178451178451,0.006217570812329732,0.9273148768017357,0.011032663818616359,0.9193099197751609,0.015639909725778882,0.922933632051236,0.011538292057393054,0.9760179094932344,0.00810073193283428,"Abundance_Controls, Length, Mass, frac_aa_C, frac_aa_F, frac_aa_I, frac_aa_L, frac_aa_M, frac_aa_R, frac_aa_T, molecular_weight, flexibility_min, isoelectric_point, fraction_exposed_nonpolar_exposed, fraction_exposed_polar_total, fraction_exposed_polar_exposed, asa_sum, fraction_exposed_exposed_C, fraction_exposed_exposed_M, fraction_exposed_exposed_R, fraction_exposed_exposed_S, fraction_exposed_exposed_T, fraction_exposed_exposed_Y, nsp_secondary_structure_sheet, nsp_secondary_structure_helix, Zeta Potential, Surface_Ligand, Dtem, Dh_functionalized, Incubation Concentration (mg/ml)",0.9329002743055154
29,0.9474747474747476,0.008676160758737462,0.9333022331106982,0.013300048133176983,0.9193699562745788,0.020938938575912388,0.9256012830615917,0.014929620462445834,0.9743559002488773,0.010912714535335795,"Abundance_Controls, Length, Mass, frac_aa_C, frac_aa_F, frac_aa_I, frac_aa_L, frac_aa_M, frac_aa_R, frac_aa_T, molecular_weight, flexibility_min, isoelectric_point, fraction_exposed_nonpolar_exposed, fraction_exposed_polar_exposed, asa_sum, fraction_exposed_exposed_C, fraction_exposed_exposed_M, fraction_exposed_exposed_R, fraction_exposed_exposed_S, fraction_exposed_exposed_T, fraction_exposed_exposed_Y, nsp_secondary_structure_sheet, nsp_secondary_structure_helix, Zeta Potential, Surface_Ligand, Dtem, Dh_functionalized, Incubation Concentration (mg/ml)",0.9329985867160101
28,0.9471380471380473,0.010437710437710412,0.9290741394426331,0.012614337186266474,0.9237726435544795,0.021577922804633512,0.9260630198874147,0.015949412056879327,0.9787150219740687,0.007530479012886258,"Abundance_Controls, Length, Mass, frac_aa_C, frac_aa_F, frac_aa_L, frac_aa_M, frac_aa_R, frac_aa_T, molecular_weight, flexibility_min, isoelectric_point, fraction_exposed_nonpolar_exposed, fraction_exposed_polar_exposed, asa_sum, fraction_exposed_exposed_C, fraction_exposed_exposed_M, fraction_exposed_exposed_R, fraction_exposed_exposed_S, fraction_exposed_exposed_T, fraction_exposed_exposed_Y, nsp_secondary_structure_sheet, nsp_secondary_structure_helix, Zeta Potential, Surface_Ligand, Dtem, Dh_functionalized, Incubation Concentration (mg/ml)",0.9311003367003368
27,0.9457912457912458,0.008708765761870406,0.9295368882044144,0.013431794270919423,0.9192433824902142,0.017497765880031102,0.92385283401349,0.013080972411684315,0.9778110909969507,0.007838521292525153,"Abundance_Controls, Length, Mass, frac_aa_C, frac_aa_F, frac_aa_L, frac_aa_M, frac_aa_R, molecular_weight, flexibility_min, isoelectric_point, fraction_exposed_nonpolar_exposed, fraction_exposed_polar_exposed, asa_sum, fraction_exposed_exposed_C, fraction_exposed_exposed_M, fraction_exposed_exposed_R, fraction_exposed_exposed_S, fraction_exposed_exposed_T, fraction_exposed_exposed_Y, nsp_secondary_structure_sheet, nsp_secondary_structure_helix, Zeta Potential, Surface_Ligand, Dtem, Dh_functionalized, Incubation Concentration (mg/ml)",0.9316824800293755
26,0.9461279461279462,0.010101010101010091,0.9291722299492603,0.01470345413518711,0.9210196898246213,0.019636731869233384,0.924563874255359,0.014849415482516224,0.9762372040753485,0.008856201422894963,"Abundance_Controls, Length, frac_aa_C, frac_aa_F, frac_aa_L, frac_aa_M, frac_aa_R, molecular_weight, flexibility_min, isoelectric_point, fraction_exposed_nonpolar_exposed, fraction_exposed_polar_exposed, asa_sum, fraction_exposed_exposed_C, fraction_exposed_exposed_M, fraction_exposed_exposed_R, fraction_exposed_exposed_S, fraction_exposed_exposed_T, fraction_exposed_exposed_Y, nsp_secondary_structure_sheet, nsp_secondary_structure_helix, Zeta Potential, Surface_Ligand, Dtem, Dh_functionalized, Incubation Concentration (mg/ml)",0.9308269360269361
25,0.9464646464646466,0.01208843304445537,0.9298348175262674,0.016949128733199655,0.9207421518401808,0.02175698155919736,0.9248533300360604,0.017710185591264485,0.9777649312842198,0.007857161899634868,"Abundance_Controls, Length, frac_aa_C, frac_aa_F, frac_aa_L, frac_aa_M, frac_aa_R, molecular_weight, flexibility_min, isoelectric_point, fraction_exposed_nonpolar_exposed, fraction_exposed_polar_exposed, asa_sum, fraction_exposed_exposed_M, fraction_exposed_exposed_R, fraction_exposed_exposed_S, fraction_exposed_exposed_T, fraction_exposed_exposed_Y, nsp_secondary_structure_sheet, nsp_secondary_structure_helix, Zeta Potential, Surface_Ligand, Dtem, Dh_functionalized, Incubation Concentration (mg/ml)",0.9293762134201912
24,0.9451178451178451,0.009993819582259804,0.9277248715986897,0.012961467442268056,0.9194309481763165,0.021722579868303143,0.9229991848048845,0.015209423998976393,0.977705247681697,0.007644099552913408,"Abundance_Controls, Length, frac_aa_C, frac_aa_F, frac_aa_L, frac_aa_M, frac_aa_R, molecular_weight, flexibility_min, fraction_exposed_nonpolar_exposed, fraction_exposed_polar_exposed, asa_sum, fraction_exposed_exposed_M, fraction_exposed_exposed_R, fraction_exposed_exposed_S, fraction_exposed_exposed_T, fraction_exposed_exposed_Y, nsp_secondary_structure_sheet, nsp_secondary_structure_helix, Zeta Potential, Surface_Ligand, Dtem, Dh_functionalized, Incubation Concentration (mg/ml)",0.9303240255355854
23,0.9437710437710438,0.012692307626242922,0.9257906720843755,0.01604611692378445,0.9172598543802077,0.023600106051755106,0.9210897628761264,0.018533689385139846,0.978052891971943,0.006828644839457225,"Abundance_Controls, frac_aa_C, frac_aa_F, frac_aa_L, frac_aa_M, frac_aa_R, molecular_weight, flexibility_min, fraction_exposed_nonpolar_exposed, fraction_exposed_polar_exposed, asa_sum, fraction_exposed_exposed_M, fraction_exposed_exposed_R, fraction_exposed_exposed_S, fraction_exposed_exposed_T, fraction_exposed_exposed_Y, nsp_secondary_structure_sheet, nsp_secondary_structure_helix, Zeta Potential, Surface_Ligand, Dtem, Dh_functionalized, Incubation Concentration (mg/ml)",0.9264787361448008
22,0.9390572390572391,0.012638602275504006,0.9196896991199951,0.014540114636870416,0.9107665000355281,0.024289534368484737,0.9146484584340543,0.017859117252285388,0.9743560558116146,0.009140392334531873,"Abundance_Controls, frac_aa_C, frac_aa_F, frac_aa_L, frac_aa_M, frac_aa_R, molecular_weight, flexibility_min, fraction_exposed_nonpolar_exposed, fraction_exposed_polar_exposed, asa_sum, fraction_exposed_exposed_M, fraction_exposed_exposed_R, fraction_exposed_exposed_S, fraction_exposed_exposed_T, fraction_exposed_exposed_Y, nsp_secondary_structure_sheet, nsp_secondary_structure_helix, Zeta Potential, Surface_Ligand, Dtem, Dh_functionalized",0.9220186367817352
21,0.938047138047138,0.012970612986032467,0.9184950041433175,0.015819276851074284,0.9089390207976524,0.025762407152280856,0.9129955627225819,0.018964788092281016,0.9727757083550829,0.009344969537000564,"Abundance_Controls, frac_aa_F, frac_aa_L, frac_aa_M, frac_aa_R, molecular_weight, flexibility_min, fraction_exposed_nonpolar_exposed, fraction_exposed_polar_exposed, asa_sum, fraction_exposed_exposed_M, fraction_exposed_exposed_R, fraction_exposed_exposed_S, fraction_exposed_exposed_T, fraction_exposed_exposed_Y, nsp_secondary_structure_sheet, nsp_secondary_structure_helix, Zeta Potential, Surface_Ligand, Dtem, Dh_functionalized",0.9208765250611056
20,0.9387205387205387,0.013195904338225865,0.9188031660055354,0.016677987667293302,0.9105763212749837,0.023391340487701005,0.9141989447920208,0.018546244077349755,0.9731884758268474,0.009126516926603013,"Abundance_Controls, frac_aa_L, frac_aa_M, frac_aa_R, molecular_weight, flexibility_min, fraction_exposed_nonpolar_exposed, fraction_exposed_polar_exposed, asa_sum, fraction_exposed_exposed_M, fraction_exposed_exposed_R, fraction_exposed_exposed_S, fraction_exposed_exposed_T, fraction_exposed_exposed_Y, nsp_secondary_structure_sheet, nsp_secondary_structure_helix, Zeta Potential, Surface_Ligand, Dtem, Dh_functionalized",0.9215246343823129
19,0.9387205387205387,0.012306846385519904,0.9197795243708857,0.011946953854864705,0.9096555839676691,0.024441680471463938,0.914072920054641,0.016930552235196922,0.972830536924933,0.0098196479453521,"Abundance_Controls, frac_aa_L, frac_aa_M, frac_aa_R, molecular_weight, flexibility_min, fraction_exposed_nonpolar_exposed, fraction_exposed_polar_exposed, asa_sum, fraction_exposed_exposed_M, fraction_exposed_exposed_R, fraction_exposed_exposed_S, fraction_exposed_exposed_T, fraction_exposed_exposed_Y, nsp_secondary_structure_sheet, Zeta Potential, Surface_Ligand, Dtem, Dh_functionalized",0.9226136923350188
18,0.9390572390572391,0.012816744990353044,0.92015928835139,0.014394084330740641,0.9099018490376167,0.02364594848520445,0.9144897226391722,0.01782738750168474,0.9741909211633631,0.009967973723235206,"Abundance_Controls, frac_aa_L, frac_aa_M, molecular_weight, flexibility_min, fraction_exposed_nonpolar_exposed, fraction_exposed_polar_exposed, asa_sum, fraction_exposed_exposed_M, fraction_exposed_exposed_R, fraction_exposed_exposed_S, fraction_exposed_exposed_T, fraction_exposed_exposed_Y, nsp_secondary_structure_sheet, Zeta Potential, Surface_Ligand, Dtem, Dh_functionalized",0.9226404940668861
17,0.9393939393939394,0.013963933571264448,0.9227291627443972,0.0167985453762245,0.9079553687085717,0.026265995698922837,0.9144791979215541,0.019807418738958856,0.9759073129572238,0.008307031444312928,"Abundance_Controls, frac_aa_L, frac_aa_M, molecular_weight, flexibility_min, fraction_exposed_nonpolar_exposed, asa_sum, fraction_exposed_exposed_M, fraction_exposed_exposed_R, fraction_exposed_exposed_S, fraction_exposed_exposed_T, fraction_exposed_exposed_Y, nsp_secondary_structure_sheet, Zeta Potential, Surface_Ligand, Dtem, Dh_functionalized",0.922030005822675
16,0.9377104377104377,0.013404733493194862,0.9180327129616407,0.015256773588312126,0.9084116952286483,0.025331631914593023,0.912648617556998,0.019284630612186715,0.9737987323205605,0.011404711589811342,"Abundance_Controls, frac_aa_L, frac_aa_M, molecular_weight, flexibility_min, fraction_exposed_nonpolar_exposed, asa_sum, fraction_exposed_exposed_M, fraction_exposed_exposed_R, fraction_exposed_exposed_S, fraction_exposed_exposed_T, nsp_secondary_structure_sheet, Zeta Potential, Surface_Ligand, Dtem, Dh_functionalized",0.9211057042172429
15,0.9424242424242424,0.011899391950890431,0.9231564310412462,0.016104393680460332,0.9174323421165337,0.020025885659006815,0.9198163599425697,0.015787372579222955,0.9740279122204292,0.010389978638969524,"Abundance_Controls, frac_aa_L, frac_aa_M, molecular_weight, flexibility_min, fraction_exposed_nonpolar_exposed, asa_sum, fraction_exposed_exposed_M, fraction_exposed_exposed_R, fraction_exposed_exposed_S, fraction_exposed_exposed_T, nsp_secondary_structure_sheet, Zeta Potential, Surface_Ligand, Dh_functionalized",0.927524850473352
14,0.9420875420875421,0.01284766601234943,0.9229561522708514,0.01817636919590253,0.9165356496213899,0.022027787053121632,0.9192004601855764,0.017816458550296316,0.9718234455544943,0.013504898411590886,"Abundance_Controls, frac_aa_L, frac_aa_M, molecular_weight, flexibility_min, fraction_exposed_nonpolar_exposed, asa_sum, fraction_exposed_exposed_M, fraction_exposed_exposed_R, fraction_exposed_exposed_S, nsp_secondary_structure_sheet, Zeta Potential, Surface_Ligand, Dh_functionalized",0.9264398760751926
13,0.9414141414141414,0.011779700797667271,0.9222477332890582,0.015985674599944027,0.9150508887848725,0.022763985667590737,0.9180238044638791,0.016970608955587066,0.9730505940333876,0.012316948916434957,"Abundance_Controls, frac_aa_L, frac_aa_M, flexibility_min, fraction_exposed_nonpolar_exposed, asa_sum, fraction_exposed_exposed_M, fraction_exposed_exposed_R, fraction_exposed_exposed_S, nsp_secondary_structure_sheet, Zeta Potential, Surface_Ligand, Dh_functionalized",0.927034440616474
12,0.9410774410774412,0.012069662174366941,0.9218554237279104,0.01796204252013571,0.9149720155407957,0.02105335306050369,0.9177729199358116,0.016666470273617003,0.9751650291735692,0.010187173161822454,"Abundance_Controls, frac_aa_L, frac_aa_M, flexibility_min, fraction_exposed_nonpolar_exposed, asa_sum, fraction_exposed_exposed_M, fraction_exposed_exposed_R, nsp_secondary_structure_sheet, Zeta Potential, Surface_Ligand, Dh_functionalized",0.9266077789030743
11,0.9393939393939394,0.010323036846300263,0.9190239945299128,0.013891317018046823,0.913035775767639,0.02190539041124549,0.9153476157243581,0.015180203574716488,0.975165995890596,0.00793712350036872,"Abundance_Controls, frac_aa_L, frac_aa_M, flexibility_min, fraction_exposed_nonpolar_exposed, asa_sum, fraction_exposed_exposed_M, fraction_exposed_exposed_R, nsp_secondary_structure_sheet, Zeta Potential, Dh_functionalized",0.9268709025476392
10,0.9390572390572389,0.01131333172822319,0.9190519731303691,0.014063378076607801,0.9113725604319505,0.024134504421554095,0.914564010976896,0.01696186733399692,0.9731945713378936,0.008773242359037661,"Abundance_Controls, frac_aa_L, frac_aa_M, flexibility_min, fraction_exposed_nonpolar_exposed, asa_sum, fraction_exposed_exposed_R, nsp_secondary_structure_sheet, Zeta Potential, Dh_functionalized",0.9257439073290157
9,0.9390572390572391,0.011994284936401952,0.9183144679603588,0.014756174864516431,0.9119329447414302,0.024179176589497656,0.9146546553086627,0.018042983837567177,0.9755410798951434,0.008676038307789178,"Abundance_Controls, frac_aa_L, frac_aa_M, flexibility_min, asa_sum, fraction_exposed_exposed_R, nsp_secondary_structure_sheet, Zeta Potential, Dh_functionalized",0.9252629541208371
8,0.9407407407407409,0.011779700797667263,0.9222152818707225,0.014998085738401478,0.9125350267866736,0.023648018182928,0.9167595514142745,0.01739759887393168,0.975050027516728,0.008023671173918678,"Abundance_Controls, frac_aa_L, frac_aa_M, asa_sum, fraction_exposed_exposed_R, nsp_secondary_structure_sheet, Zeta Potential, Dh_functionalized",0.9273610399430736
7,0.9393939393939394,0.01268784086290693,0.920693901167524,0.016572201586821288,0.91054663068504,0.02447236666585865,0.9149267080402884,0.018410349956298956,0.9756295873172082,0.00817977549908323,"Abundance_Controls, frac_aa_L, frac_aa_M, asa_sum, nsp_secondary_structure_sheet, Zeta Potential, Dh_functionalized",0.9253060985310325
6,0.9397306397306397,0.010262458352948265,0.9200651408544711,0.01330498077246077,0.9123638938257113,0.020625377551829315,0.9156694108629825,0.014817246692312136,0.9745076229259073,0.008729621026055588,"Abundance_Controls, frac_aa_L, frac_aa_M, nsp_secondary_structure_sheet, Zeta Potential, Dh_functionalized",0.9282681813776915
5,0.9377104377104377,0.010016481333766682,0.91701336187212,0.013360817111910006,0.9092233650721765,0.023387705839738995,0.9125067697951185,0.016206149347500556,0.9758917769969487,0.010823867927571876,"Abundance_Controls, frac_aa_L, frac_aa_M, nsp_secondary_structure_sheet, Zeta Potential",0.9266939563766711
4,0.9373737373737374,0.01128825226548162,0.9165257592655267,0.014469081275056117,0.9085123078041129,0.024855579410055558,0.9119566860009917,0.01795740091942701,0.973716020827666,0.012199489474952474,"Abundance_Controls, frac_aa_L, frac_aa_M, Zeta Potential",0.9252854851082558
3,0.9336700336700338,0.011668500640514124,0.9127090501116234,0.0151369314119204,0.9019675107953977,0.022367785582263305,0.9067701855494803,0.017045594097717418,0.9703559707950967,0.007863995586891827,"Abundance_Controls, frac_aa_M, Zeta Potential",0.9214015330295195
2,0.9181818181818182,0.015939125088948985,0.8938888213090399,0.021898518614186815,0.8749029159439132,0.0275772198493727,0.8835072329783612,0.023977555166731116,0.9645813948884017,0.010026935156803493,"Abundance_Controls, frac_aa_M",0.9018426930928692
