Number of features,Avg accuracy,Std dev,List of features,Combined Score
81,0.9475904055662365,0.012129837184992748,"Abundance_Controls, Length, Mass, frac_aa_A, frac_aa_C, frac_aa_D, frac_aa_E, frac_aa_F, frac_aa_G, frac_aa_H, frac_aa_I, frac_aa_K, frac_aa_L, frac_aa_M, frac_aa_N, frac_aa_P, frac_aa_Q, frac_aa_R, frac_aa_S, frac_aa_T, frac_aa_V, frac_aa_W, frac_aa_Y, molecular_weight, aromaticity, instability_index, flexibility_mean, flexibility_std, flexibility_max, flexibility_min, isoelectric_point, secondary_structure_fraction_helix, secondary_structure_fraction_turn, secondary_structure_fraction_sheet, secondary_structure_fraction_disordered, gravy, Unnamed: 0, fraction_exposed, fraction_buried, fraction_exposed_nonpolar_total, fraction_exposed_nonpolar_exposed, fraction_exposed_polar_total, fraction_exposed_polar_exposed, rsa_mean, rsa_std, asa_sum, fraction_exposed_exposed_A, fraction_exposed_exposed_C, fraction_exposed_exposed_D, fraction_exposed_exposed_E, fraction_exposed_exposed_F, fraction_exposed_exposed_G, fraction_exposed_exposed_H, fraction_exposed_exposed_I, fraction_exposed_exposed_K, fraction_exposed_exposed_L, fraction_exposed_exposed_M, fraction_exposed_exposed_N, fraction_exposed_exposed_P, fraction_exposed_exposed_Q, fraction_exposed_exposed_R, fraction_exposed_exposed_S, fraction_exposed_exposed_T, fraction_exposed_exposed_V, fraction_exposed_exposed_W, fraction_exposed_exposed_Y, nsp_secondary_structure_coil, nsp_secondary_structure_sheet, nsp_secondary_structure_helix, nsp_disordered, BatchID, Zeta Potential, Core Material, Surface_Ligand, Dtem, Dh_core, Dh_functionalized, Centrifuged, NP_incubation Concentration (mg/mL), Incubation Concentration (mg/ml), Incubation Time (minutes)",0.9192605683812438
80,0.9460770850498946,0.011875575836027644,"Abundance_Controls, Length, Mass, frac_aa_A, frac_aa_C, frac_aa_D, frac_aa_E, frac_aa_F, frac_aa_G, frac_aa_H, frac_aa_I, frac_aa_K, frac_aa_L, frac_aa_M, frac_aa_N, frac_aa_P, frac_aa_Q, frac_aa_R, frac_aa_S, frac_aa_T, frac_aa_V, frac_aa_W, frac_aa_Y, molecular_weight, aromaticity, instability_index, flexibility_mean, flexibility_std, flexibility_max, flexibility_min, isoelectric_point, secondary_structure_fraction_helix, secondary_structure_fraction_turn, secondary_structure_fraction_sheet, secondary_structure_fraction_disordered, gravy, Unnamed: 0, fraction_exposed, fraction_buried, fraction_exposed_nonpolar_total, fraction_exposed_nonpolar_exposed, fraction_exposed_polar_total, fraction_exposed_polar_exposed, rsa_mean, rsa_std, asa_sum, fraction_exposed_exposed_A, fraction_exposed_exposed_C, fraction_exposed_exposed_D, fraction_exposed_exposed_E, fraction_exposed_exposed_F, fraction_exposed_exposed_G, fraction_exposed_exposed_H, fraction_exposed_exposed_I, fraction_exposed_exposed_K, fraction_exposed_exposed_L, fraction_exposed_exposed_M, fraction_exposed_exposed_N, fraction_exposed_exposed_P, fraction_exposed_exposed_Q, fraction_exposed_exposed_R, fraction_exposed_exposed_S, fraction_exposed_exposed_T, fraction_exposed_exposed_V, fraction_exposed_exposed_W, fraction_exposed_exposed_Y, nsp_secondary_structure_coil, nsp_secondary_structure_sheet, nsp_secondary_structure_helix, nsp_disordered, Zeta Potential, Core Material, Surface_Ligand, Dtem, Dh_core, Dh_functionalized, Centrifuged, NP_incubation Concentration (mg/mL), Incubation Concentration (mg/ml), Incubation Time (minutes)",0.918201509213867
79,0.9475922365650462,0.010671939493946164,"Abundance_Controls, Length, Mass, frac_aa_A, frac_aa_C, frac_aa_D, frac_aa_E, frac_aa_F, frac_aa_G, frac_aa_H, frac_aa_I, frac_aa_K, frac_aa_L, frac_aa_M, frac_aa_N, frac_aa_P, frac_aa_Q, frac_aa_R, frac_aa_S, frac_aa_T, frac_aa_V, frac_aa_W, frac_aa_Y, molecular_weight, aromaticity, instability_index, flexibility_mean, flexibility_std, flexibility_max, flexibility_min, isoelectric_point, secondary_structure_fraction_helix, secondary_structure_fraction_turn, secondary_structure_fraction_sheet, secondary_structure_fraction_disordered, gravy, Unnamed: 0, fraction_exposed, fraction_buried, fraction_exposed_nonpolar_total, fraction_exposed_nonpolar_exposed, fraction_exposed_polar_total, fraction_exposed_polar_exposed, rsa_mean, rsa_std, asa_sum, fraction_exposed_exposed_A, fraction_exposed_exposed_C, fraction_exposed_exposed_D, fraction_exposed_exposed_E, fraction_exposed_exposed_F, fraction_exposed_exposed_G, fraction_exposed_exposed_H, fraction_exposed_exposed_I, fraction_exposed_exposed_K, fraction_exposed_exposed_L, fraction_exposed_exposed_M, fraction_exposed_exposed_N, fraction_exposed_exposed_P, fraction_exposed_exposed_Q, fraction_exposed_exposed_R, fraction_exposed_exposed_S, fraction_exposed_exposed_T, fraction_exposed_exposed_V, fraction_exposed_exposed_W, fraction_exposed_exposed_Y, nsp_secondary_structure_coil, nsp_secondary_structure_sheet, nsp_secondary_structure_helix, nsp_disordered, Zeta Potential, Core Material, Surface_Ligand, Dtem, Dh_core, Dh_functionalized, Centrifuged, NP_incubation Concentration (mg/mL), Incubation Concentration (mg/ml)",0.9211202970711
78,0.9472873752632062,0.010433111553373545,"Abundance_Controls, Length, Mass, frac_aa_A, frac_aa_C, frac_aa_D, frac_aa_E, frac_aa_F, frac_aa_G, frac_aa_H, frac_aa_I, frac_aa_K, frac_aa_L, frac_aa_M, frac_aa_N, frac_aa_P, frac_aa_Q, frac_aa_R, frac_aa_S, frac_aa_T, frac_aa_V, frac_aa_W, frac_aa_Y, molecular_weight, aromaticity, instability_index, flexibility_mean, flexibility_std, flexibility_max, flexibility_min, isoelectric_point, secondary_structure_fraction_helix, secondary_structure_fraction_turn, secondary_structure_fraction_sheet, secondary_structure_fraction_disordered, gravy, Unnamed: 0, fraction_exposed, fraction_buried, fraction_exposed_nonpolar_total, fraction_exposed_nonpolar_exposed, fraction_exposed_polar_total, fraction_exposed_polar_exposed, rsa_mean, rsa_std, asa_sum, fraction_exposed_exposed_A, fraction_exposed_exposed_C, fraction_exposed_exposed_E, fraction_exposed_exposed_F, fraction_exposed_exposed_G, fraction_exposed_exposed_H, fraction_exposed_exposed_I, fraction_exposed_exposed_K, fraction_exposed_exposed_L, fraction_exposed_exposed_M, fraction_exposed_exposed_N, fraction_exposed_exposed_P, fraction_exposed_exposed_Q, fraction_exposed_exposed_R, fraction_exposed_exposed_S, fraction_exposed_exposed_T, fraction_exposed_exposed_V, fraction_exposed_exposed_W, fraction_exposed_exposed_Y, nsp_secondary_structure_coil, nsp_secondary_structure_sheet, nsp_secondary_structure_helix, nsp_disordered, Zeta Potential, Core Material, Surface_Ligand, Dtem, Dh_core, Dh_functionalized, Centrifuged, NP_incubation Concentration (mg/mL), Incubation Concentration (mg/ml)",0.9212542637098327
77,0.9457758857456744,0.012808166780498325,"Abundance_Controls, Length, Mass, frac_aa_A, frac_aa_C, frac_aa_D, frac_aa_E, frac_aa_F, frac_aa_G, frac_aa_H, frac_aa_I, frac_aa_K, frac_aa_L, frac_aa_M, frac_aa_P, frac_aa_Q, frac_aa_R, frac_aa_S, frac_aa_T, frac_aa_V, frac_aa_W, frac_aa_Y, molecular_weight, aromaticity, instability_index, flexibility_mean, flexibility_std, flexibility_max, flexibility_min, isoelectric_point, secondary_structure_fraction_helix, secondary_structure_fraction_turn, secondary_structure_fraction_sheet, secondary_structure_fraction_disordered, gravy, Unnamed: 0, fraction_exposed, fraction_buried, fraction_exposed_nonpolar_total, fraction_exposed_nonpolar_exposed, fraction_exposed_polar_total, fraction_exposed_polar_exposed, rsa_mean, rsa_std, asa_sum, fraction_exposed_exposed_A, fraction_exposed_exposed_C, fraction_exposed_exposed_E, fraction_exposed_exposed_F, fraction_exposed_exposed_G, fraction_exposed_exposed_H, fraction_exposed_exposed_I, fraction_exposed_exposed_K, fraction_exposed_exposed_L, fraction_exposed_exposed_M, fraction_exposed_exposed_N, fraction_exposed_exposed_P, fraction_exposed_exposed_Q, fraction_exposed_exposed_R, fraction_exposed_exposed_S, fraction_exposed_exposed_T, fraction_exposed_exposed_V, fraction_exposed_exposed_W, fraction_exposed_exposed_Y, nsp_secondary_structure_coil, nsp_secondary_structure_sheet, nsp_secondary_structure_helix, nsp_disordered, Zeta Potential, Core Material, Surface_Ligand, Dtem, Dh_core, Dh_functionalized, Centrifuged, NP_incubation Concentration (mg/mL), Incubation Concentration (mg/ml)",0.9175677189651761
76,0.9475931520644514,0.01211771916748324,"Abundance_Controls, Length, Mass, frac_aa_A, frac_aa_C, frac_aa_D, frac_aa_E, frac_aa_F, frac_aa_G, frac_aa_H, frac_aa_I, frac_aa_K, frac_aa_L, frac_aa_M, frac_aa_P, frac_aa_Q, frac_aa_R, frac_aa_S, frac_aa_T, frac_aa_W, frac_aa_Y, molecular_weight, aromaticity, instability_index, flexibility_mean, flexibility_std, flexibility_max, flexibility_min, isoelectric_point, secondary_structure_fraction_helix, secondary_structure_fraction_turn, secondary_structure_fraction_sheet, secondary_structure_fraction_disordered, gravy, Unnamed: 0, fraction_exposed, fraction_buried, fraction_exposed_nonpolar_total, fraction_exposed_nonpolar_exposed, fraction_exposed_polar_total, fraction_exposed_polar_exposed, rsa_mean, rsa_std, asa_sum, fraction_exposed_exposed_A, fraction_exposed_exposed_C, fraction_exposed_exposed_E, fraction_exposed_exposed_F, fraction_exposed_exposed_G, fraction_exposed_exposed_H, fraction_exposed_exposed_I, fraction_exposed_exposed_K, fraction_exposed_exposed_L, fraction_exposed_exposed_M, fraction_exposed_exposed_N, fraction_exposed_exposed_P, fraction_exposed_exposed_Q, fraction_exposed_exposed_R, fraction_exposed_exposed_S, fraction_exposed_exposed_T, fraction_exposed_exposed_V, fraction_exposed_exposed_W, fraction_exposed_exposed_Y, nsp_secondary_structure_coil, nsp_secondary_structure_sheet, nsp_secondary_structure_helix, nsp_disordered, Zeta Potential, Core Material, Surface_Ligand, Dtem, Dh_core, Dh_functionalized, Centrifuged, NP_incubation Concentration (mg/mL), Incubation Concentration (mg/ml)",0.9202754328969681
75,0.9478934358692666,0.01048494110235331,"Abundance_Controls, Length, Mass, frac_aa_A, frac_aa_C, frac_aa_D, frac_aa_E, frac_aa_F, frac_aa_G, frac_aa_H, frac_aa_I, frac_aa_K, frac_aa_L, frac_aa_M, frac_aa_P, frac_aa_Q, frac_aa_R, frac_aa_S, frac_aa_T, frac_aa_W, frac_aa_Y, molecular_weight, aromaticity, instability_index, flexibility_mean, flexibility_std, flexibility_max, flexibility_min, isoelectric_point, secondary_structure_fraction_helix, secondary_structure_fraction_turn, secondary_structure_fraction_sheet, secondary_structure_fraction_disordered, gravy, fraction_exposed, fraction_buried, fraction_exposed_nonpolar_total, fraction_exposed_nonpolar_exposed, fraction_exposed_polar_total, fraction_exposed_polar_exposed, rsa_mean, rsa_std, asa_sum, fraction_exposed_exposed_A, fraction_exposed_exposed_C, fraction_exposed_exposed_E, fraction_exposed_exposed_F, fraction_exposed_exposed_G, fraction_exposed_exposed_H, fraction_exposed_exposed_I, fraction_exposed_exposed_K, fraction_exposed_exposed_L, fraction_exposed_exposed_M, fraction_exposed_exposed_N, fraction_exposed_exposed_P, fraction_exposed_exposed_Q, fraction_exposed_exposed_R, fraction_exposed_exposed_S, fraction_exposed_exposed_T, fraction_exposed_exposed_V, fraction_exposed_exposed_W, fraction_exposed_exposed_Y, nsp_secondary_structure_coil, nsp_secondary_structure_sheet, nsp_secondary_structure_helix, nsp_disordered, Zeta Potential, Core Material, Surface_Ligand, Dtem, Dh_core, Dh_functionalized, Centrifuged, NP_incubation Concentration (mg/mL), Incubation Concentration (mg/ml)",0.9224084947669132
74,0.9485004119747321,0.011657902021411043,"Abundance_Controls, Length, Mass, frac_aa_A, frac_aa_C, frac_aa_D, frac_aa_E, frac_aa_F, frac_aa_G, frac_aa_H, frac_aa_I, frac_aa_K, frac_aa_L, frac_aa_M, frac_aa_P, frac_aa_Q, frac_aa_R, frac_aa_S, frac_aa_T, frac_aa_W, frac_aa_Y, molecular_weight, aromaticity, instability_index, flexibility_mean, flexibility_std, flexibility_max, flexibility_min, isoelectric_point, secondary_structure_fraction_helix, secondary_structure_fraction_turn, secondary_structure_fraction_sheet, secondary_structure_fraction_disordered, gravy, fraction_exposed, fraction_buried, fraction_exposed_nonpolar_total, fraction_exposed_nonpolar_exposed, fraction_exposed_polar_total, fraction_exposed_polar_exposed, rsa_mean, rsa_std, asa_sum, fraction_exposed_exposed_A, fraction_exposed_exposed_C, fraction_exposed_exposed_E, fraction_exposed_exposed_F, fraction_exposed_exposed_G, fraction_exposed_exposed_H, fraction_exposed_exposed_I, fraction_exposed_exposed_L, fraction_exposed_exposed_M, fraction_exposed_exposed_N, fraction_exposed_exposed_P, fraction_exposed_exposed_Q, fraction_exposed_exposed_R, fraction_exposed_exposed_S, fraction_exposed_exposed_T, fraction_exposed_exposed_V, fraction_exposed_exposed_W, fraction_exposed_exposed_Y, nsp_secondary_structure_coil, nsp_secondary_structure_sheet, nsp_secondary_structure_helix, nsp_disordered, Zeta Potential, Core Material, Surface_Ligand, Dtem, Dh_core, Dh_functionalized, Centrifuged, NP_incubation Concentration (mg/mL), Incubation Concentration (mg/ml)",0.922042509953321
73,0.9472873752632062,0.012440397861903568,"Abundance_Controls, Length, Mass, frac_aa_A, frac_aa_C, frac_aa_D, frac_aa_E, frac_aa_F, frac_aa_G, frac_aa_H, frac_aa_I, frac_aa_L, frac_aa_M, frac_aa_P, frac_aa_Q, frac_aa_R, frac_aa_S, frac_aa_T, frac_aa_W, frac_aa_Y, molecular_weight, aromaticity, instability_index, flexibility_mean, flexibility_std, flexibility_max, flexibility_min, isoelectric_point, secondary_structure_fraction_helix, secondary_structure_fraction_turn, secondary_structure_fraction_sheet, secondary_structure_fraction_disordered, gravy, fraction_exposed, fraction_buried, fraction_exposed_nonpolar_total, fraction_exposed_nonpolar_exposed, fraction_exposed_polar_total, fraction_exposed_polar_exposed, rsa_mean, rsa_std, asa_sum, fraction_exposed_exposed_A, fraction_exposed_exposed_C, fraction_exposed_exposed_E, fraction_exposed_exposed_F, fraction_exposed_exposed_G, fraction_exposed_exposed_H, fraction_exposed_exposed_I, fraction_exposed_exposed_L, fraction_exposed_exposed_M, fraction_exposed_exposed_N, fraction_exposed_exposed_P, fraction_exposed_exposed_Q, fraction_exposed_exposed_R, fraction_exposed_exposed_S, fraction_exposed_exposed_T, fraction_exposed_exposed_V, fraction_exposed_exposed_W, fraction_exposed_exposed_Y, nsp_secondary_structure_coil, nsp_secondary_structure_sheet, nsp_secondary_structure_helix, nsp_disordered, Zeta Potential, Core Material, Surface_Ligand, Dtem, Dh_core, Dh_functionalized, Centrifuged, NP_incubation Concentration (mg/mL), Incubation Concentration (mg/ml)",0.9202469774013027
72,0.94637919985352,0.010328590280123891,"Abundance_Controls, Length, Mass, frac_aa_A, frac_aa_C, frac_aa_D, frac_aa_E, frac_aa_F, frac_aa_G, frac_aa_I, frac_aa_L, frac_aa_M, frac_aa_P, frac_aa_Q, frac_aa_R, frac_aa_S, frac_aa_T, frac_aa_W, frac_aa_Y, molecular_weight, aromaticity, instability_index, flexibility_mean, flexibility_std, flexibility_max, flexibility_min, isoelectric_point, secondary_structure_fraction_helix, secondary_structure_fraction_turn, secondary_structure_fraction_sheet, secondary_structure_fraction_disordered, gravy, fraction_exposed, fraction_buried, fraction_exposed_nonpolar_total, fraction_exposed_nonpolar_exposed, fraction_exposed_polar_total, fraction_exposed_polar_exposed, rsa_mean, rsa_std, asa_sum, fraction_exposed_exposed_A, fraction_exposed_exposed_C, fraction_exposed_exposed_E, fraction_exposed_exposed_F, fraction_exposed_exposed_G, fraction_exposed_exposed_H, fraction_exposed_exposed_I, fraction_exposed_exposed_L, fraction_exposed_exposed_M, fraction_exposed_exposed_N, fraction_exposed_exposed_P, fraction_exposed_exposed_Q, fraction_exposed_exposed_R, fraction_exposed_exposed_S, fraction_exposed_exposed_T, fraction_exposed_exposed_V, fraction_exposed_exposed_W, fraction_exposed_exposed_Y, nsp_secondary_structure_coil, nsp_secondary_structure_sheet, nsp_secondary_structure_helix, nsp_disordered, Zeta Potential, Core Material, Surface_Ligand, Dtem, Dh_core, Dh_functionalized, Centrifuged, NP_incubation Concentration (mg/mL), Incubation Concentration (mg/ml)",0.9216506095733962
71,0.9475904055662363,0.01068059450099871,"Abundance_Controls, Length, Mass, frac_aa_A, frac_aa_C, frac_aa_D, frac_aa_E, frac_aa_F, frac_aa_G, frac_aa_I, frac_aa_L, frac_aa_M, frac_aa_P, frac_aa_Q, frac_aa_R, frac_aa_S, frac_aa_T, frac_aa_W, frac_aa_Y, molecular_weight, aromaticity, instability_index, flexibility_mean, flexibility_std, flexibility_max, flexibility_min, isoelectric_point, secondary_structure_fraction_helix, secondary_structure_fraction_turn, secondary_structure_fraction_sheet, secondary_structure_fraction_disordered, gravy, fraction_exposed, fraction_buried, fraction_exposed_nonpolar_total, fraction_exposed_nonpolar_exposed, fraction_exposed_polar_total, fraction_exposed_polar_exposed, rsa_mean, rsa_std, asa_sum, fraction_exposed_exposed_C, fraction_exposed_exposed_E, fraction_exposed_exposed_F, fraction_exposed_exposed_G, fraction_exposed_exposed_H, fraction_exposed_exposed_I, fraction_exposed_exposed_L, fraction_exposed_exposed_M, fraction_exposed_exposed_N, fraction_exposed_exposed_P, fraction_exposed_exposed_Q, fraction_exposed_exposed_R, fraction_exposed_exposed_S, fraction_exposed_exposed_T, fraction_exposed_exposed_V, fraction_exposed_exposed_W, fraction_exposed_exposed_Y, nsp_secondary_structure_coil, nsp_secondary_structure_sheet, nsp_secondary_structure_helix, nsp_disordered, Zeta Potential, Core Material, Surface_Ligand, Dtem, Dh_core, Dh_functionalized, Centrifuged, NP_incubation Concentration (mg/mL), Incubation Concentration (mg/ml)",0.9227098110652376
70,0.9491055570813881,0.011956434706029147,"Abundance_Controls, Length, Mass, frac_aa_A, frac_aa_C, frac_aa_D, frac_aa_E, frac_aa_F, frac_aa_G, frac_aa_I, frac_aa_L, frac_aa_M, frac_aa_P, frac_aa_Q, frac_aa_R, frac_aa_S, frac_aa_T, frac_aa_W, frac_aa_Y, molecular_weight, aromaticity, flexibility_mean, flexibility_std, flexibility_max, flexibility_min, isoelectric_point, secondary_structure_fraction_helix, secondary_structure_fraction_turn, secondary_structure_fraction_sheet, secondary_structure_fraction_disordered, gravy, fraction_exposed, fraction_buried, fraction_exposed_nonpolar_total, fraction_exposed_nonpolar_exposed, fraction_exposed_polar_total, fraction_exposed_polar_exposed, rsa_mean, rsa_std, asa_sum, fraction_exposed_exposed_C, fraction_exposed_exposed_E, fraction_exposed_exposed_F, fraction_exposed_exposed_G, fraction_exposed_exposed_H, fraction_exposed_exposed_I, fraction_exposed_exposed_L, fraction_exposed_exposed_M, fraction_exposed_exposed_N, fraction_exposed_exposed_P, fraction_exposed_exposed_Q, fraction_exposed_exposed_R, fraction_exposed_exposed_S, fraction_exposed_exposed_T, fraction_exposed_exposed_V, fraction_exposed_exposed_W, fraction_exposed_exposed_Y, nsp_secondary_structure_coil, nsp_secondary_structure_sheet, nsp_secondary_structure_helix, nsp_disordered, Zeta Potential, Core Material, Surface_Ligand, Dtem, Dh_core, Dh_functionalized, Centrifuged, NP_incubation Concentration (mg/mL), Incubation Concentration (mg/ml)",0.923149122375359
69,0.9485004119747321,0.010141441135319494,"Abundance_Controls, Length, Mass, frac_aa_A, frac_aa_C, frac_aa_D, frac_aa_E, frac_aa_F, frac_aa_G, frac_aa_I, frac_aa_L, frac_aa_M, frac_aa_P, frac_aa_R, frac_aa_S, frac_aa_T, frac_aa_W, frac_aa_Y, molecular_weight, aromaticity, flexibility_mean, flexibility_std, flexibility_max, flexibility_min, isoelectric_point, secondary_structure_fraction_helix, secondary_structure_fraction_turn, secondary_structure_fraction_sheet, secondary_structure_fraction_disordered, gravy, fraction_exposed, fraction_buried, fraction_exposed_nonpolar_total, fraction_exposed_nonpolar_exposed, fraction_exposed_polar_total, fraction_exposed_polar_exposed, rsa_mean, rsa_std, asa_sum, fraction_exposed_exposed_C, fraction_exposed_exposed_E, fraction_exposed_exposed_F, fraction_exposed_exposed_G, fraction_exposed_exposed_H, fraction_exposed_exposed_I, fraction_exposed_exposed_L, fraction_exposed_exposed_M, fraction_exposed_exposed_N, fraction_exposed_exposed_P, fraction_exposed_exposed_Q, fraction_exposed_exposed_R, fraction_exposed_exposed_S, fraction_exposed_exposed_T, fraction_exposed_exposed_V, fraction_exposed_exposed_W, fraction_exposed_exposed_Y, nsp_secondary_structure_coil, nsp_secondary_structure_sheet, nsp_secondary_structure_helix, nsp_disordered, Zeta Potential, Core Material, Surface_Ligand, Dtem, Dh_core, Dh_functionalized, Centrifuged, NP_incubation Concentration (mg/mL), Incubation Concentration (mg/ml)",0.9245589708394126
68,0.9466840611553602,0.011823706571729663,"Abundance_Controls, Length, Mass, frac_aa_A, frac_aa_C, frac_aa_E, frac_aa_F, frac_aa_G, frac_aa_I, frac_aa_L, frac_aa_M, frac_aa_P, frac_aa_R, frac_aa_S, frac_aa_T, frac_aa_W, frac_aa_Y, molecular_weight, aromaticity, flexibility_mean, flexibility_std, flexibility_max, flexibility_min, isoelectric_point, secondary_structure_fraction_helix, secondary_structure_fraction_turn, secondary_structure_fraction_sheet, secondary_structure_fraction_disordered, gravy, fraction_exposed, fraction_buried, fraction_exposed_nonpolar_total, fraction_exposed_nonpolar_exposed, fraction_exposed_polar_total, fraction_exposed_polar_exposed, rsa_mean, rsa_std, asa_sum, fraction_exposed_exposed_C, fraction_exposed_exposed_E, fraction_exposed_exposed_F, fraction_exposed_exposed_G, fraction_exposed_exposed_H, fraction_exposed_exposed_I, fraction_exposed_exposed_L, fraction_exposed_exposed_M, fraction_exposed_exposed_N, fraction_exposed_exposed_P, fraction_exposed_exposed_Q, fraction_exposed_exposed_R, fraction_exposed_exposed_S, fraction_exposed_exposed_T, fraction_exposed_exposed_V, fraction_exposed_exposed_W, fraction_exposed_exposed_Y, nsp_secondary_structure_coil, nsp_secondary_structure_sheet, nsp_secondary_structure_helix, nsp_disordered, Zeta Potential, Core Material, Surface_Ligand, Dtem, Dh_core, Dh_functionalized, Centrifuged, NP_incubation Concentration (mg/mL), Incubation Concentration (mg/ml)",0.9212603545836305
67,0.9475894900668314,0.013562436223204034,"Abundance_Controls, Length, Mass, frac_aa_A, frac_aa_C, frac_aa_E, frac_aa_F, frac_aa_G, frac_aa_I, frac_aa_L, frac_aa_M, frac_aa_P, frac_aa_R, frac_aa_S, frac_aa_T, frac_aa_W, frac_aa_Y, molecular_weight, aromaticity, flexibility_mean, flexibility_std, flexibility_max, flexibility_min, isoelectric_point, secondary_structure_fraction_helix, secondary_structure_fraction_turn, secondary_structure_fraction_sheet, secondary_structure_fraction_disordered, gravy, fraction_exposed, fraction_buried, fraction_exposed_nonpolar_total, fraction_exposed_nonpolar_exposed, fraction_exposed_polar_total, fraction_exposed_polar_exposed, rsa_mean, rsa_std, asa_sum, fraction_exposed_exposed_C, fraction_exposed_exposed_E, fraction_exposed_exposed_F, fraction_exposed_exposed_G, fraction_exposed_exposed_H, fraction_exposed_exposed_I, fraction_exposed_exposed_L, fraction_exposed_exposed_M, fraction_exposed_exposed_P, fraction_exposed_exposed_Q, fraction_exposed_exposed_R, fraction_exposed_exposed_S, fraction_exposed_exposed_T, fraction_exposed_exposed_V, fraction_exposed_exposed_W, fraction_exposed_exposed_Y, nsp_secondary_structure_coil, nsp_secondary_structure_sheet, nsp_secondary_structure_helix, nsp_disordered, Zeta Potential, Core Material, Surface_Ligand, Dtem, Dh_core, Dh_functionalized, Centrifuged, NP_incubation Concentration (mg/mL), Incubation Concentration (mg/ml)",0.9206270538436273
66,0.949104641581983,0.011409603605502685,"Abundance_Controls, Length, Mass, frac_aa_A, frac_aa_C, frac_aa_E, frac_aa_F, frac_aa_G, frac_aa_I, frac_aa_L, frac_aa_M, frac_aa_P, frac_aa_R, frac_aa_S, frac_aa_T, frac_aa_W, frac_aa_Y, molecular_weight, aromaticity, flexibility_mean, flexibility_std, flexibility_max, flexibility_min, isoelectric_point, secondary_structure_fraction_helix, secondary_structure_fraction_turn, secondary_structure_fraction_sheet, secondary_structure_fraction_disordered, gravy, fraction_exposed, fraction_buried, fraction_exposed_nonpolar_total, fraction_exposed_nonpolar_exposed, fraction_exposed_polar_total, fraction_exposed_polar_exposed, rsa_mean, rsa_std, asa_sum, fraction_exposed_exposed_C, fraction_exposed_exposed_E, fraction_exposed_exposed_G, fraction_exposed_exposed_H, fraction_exposed_exposed_I, fraction_exposed_exposed_L, fraction_exposed_exposed_M, fraction_exposed_exposed_P, fraction_exposed_exposed_Q, fraction_exposed_exposed_R, fraction_exposed_exposed_S, fraction_exposed_exposed_T, fraction_exposed_exposed_V, fraction_exposed_exposed_W, fraction_exposed_exposed_Y, nsp_secondary_structure_coil, nsp_secondary_structure_sheet, nsp_secondary_structure_helix, nsp_disordered, Zeta Potential, Core Material, Surface_Ligand, Dtem, Dh_core, Dh_functionalized, Centrifuged, NP_incubation Concentration (mg/mL), Incubation Concentration (mg/ml)",0.9244950379764804
65,0.9484985809759223,0.009200506891434047,"Abundance_Controls, Length, Mass, frac_aa_A, frac_aa_C, frac_aa_E, frac_aa_F, frac_aa_G, frac_aa_I, frac_aa_L, frac_aa_M, frac_aa_P, frac_aa_R, frac_aa_S, frac_aa_T, frac_aa_W, frac_aa_Y, molecular_weight, aromaticity, flexibility_mean, flexibility_std, flexibility_max, flexibility_min, isoelectric_point, secondary_structure_fraction_helix, secondary_structure_fraction_turn, secondary_structure_fraction_sheet, secondary_structure_fraction_disordered, gravy, fraction_exposed, fraction_exposed_nonpolar_total, fraction_exposed_nonpolar_exposed, fraction_exposed_polar_total, fraction_exposed_polar_exposed, rsa_mean, rsa_std, asa_sum, fraction_exposed_exposed_C, fraction_exposed_exposed_E, fraction_exposed_exposed_G, fraction_exposed_exposed_H, fraction_exposed_exposed_I, fraction_exposed_exposed_L, fraction_exposed_exposed_M, fraction_exposed_exposed_P, fraction_exposed_exposed_Q, fraction_exposed_exposed_R, fraction_exposed_exposed_S, fraction_exposed_exposed_T, fraction_exposed_exposed_V, fraction_exposed_exposed_W, fraction_exposed_exposed_Y, nsp_secondary_structure_coil, nsp_secondary_structure_sheet, nsp_secondary_structure_helix, nsp_disordered, Zeta Potential, Core Material, Surface_Ligand, Dtem, Dh_core, Dh_functionalized, Centrifuged, NP_incubation Concentration (mg/mL), Incubation Concentration (mg/ml)",0.9262980740844883
64,0.947288290762611,0.011753649048809336,"Abundance_Controls, Length, Mass, frac_aa_A, frac_aa_C, frac_aa_E, frac_aa_F, frac_aa_G, frac_aa_I, frac_aa_L, frac_aa_M, frac_aa_P, frac_aa_R, frac_aa_S, frac_aa_T, frac_aa_W, frac_aa_Y, molecular_weight, flexibility_mean, flexibility_std, flexibility_max, flexibility_min, isoelectric_point, secondary_structure_fraction_helix, secondary_structure_fraction_turn, secondary_structure_fraction_sheet, secondary_structure_fraction_disordered, gravy, fraction_exposed, fraction_exposed_nonpolar_total, fraction_exposed_nonpolar_exposed, fraction_exposed_polar_total, fraction_exposed_polar_exposed, rsa_mean, rsa_std, asa_sum, fraction_exposed_exposed_C, fraction_exposed_exposed_E, fraction_exposed_exposed_G, fraction_exposed_exposed_H, fraction_exposed_exposed_I, fraction_exposed_exposed_L, fraction_exposed_exposed_M, fraction_exposed_exposed_P, fraction_exposed_exposed_Q, fraction_exposed_exposed_R, fraction_exposed_exposed_S, fraction_exposed_exposed_T, fraction_exposed_exposed_V, fraction_exposed_exposed_W, fraction_exposed_exposed_Y, nsp_secondary_structure_coil, nsp_secondary_structure_sheet, nsp_secondary_structure_helix, nsp_disordered, Zeta Potential, Core Material, Surface_Ligand, Dtem, Dh_core, Dh_functionalized, Centrifuged, NP_incubation Concentration (mg/mL), Incubation Concentration (mg/ml)",0.9227346417138016
63,0.9478934358692668,0.011957919599975886,"Abundance_Controls, Length, Mass, frac_aa_A, frac_aa_C, frac_aa_E, frac_aa_F, frac_aa_G, frac_aa_I, frac_aa_L, frac_aa_M, frac_aa_P, frac_aa_R, frac_aa_S, frac_aa_T, frac_aa_W, frac_aa_Y, molecular_weight, flexibility_mean, flexibility_std, flexibility_max, flexibility_min, isoelectric_point, secondary_structure_fraction_helix, secondary_structure_fraction_turn, secondary_structure_fraction_sheet, secondary_structure_fraction_disordered, gravy, fraction_exposed, fraction_exposed_nonpolar_total, fraction_exposed_nonpolar_exposed, fraction_exposed_polar_total, fraction_exposed_polar_exposed, rsa_mean, asa_sum, fraction_exposed_exposed_C, fraction_exposed_exposed_E, fraction_exposed_exposed_G, fraction_exposed_exposed_H, fraction_exposed_exposed_I, fraction_exposed_exposed_L, fraction_exposed_exposed_M, fraction_exposed_exposed_P, fraction_exposed_exposed_Q, fraction_exposed_exposed_R, fraction_exposed_exposed_S, fraction_exposed_exposed_T, fraction_exposed_exposed_V, fraction_exposed_exposed_W, fraction_exposed_exposed_Y, nsp_secondary_structure_coil, nsp_secondary_structure_sheet, nsp_secondary_structure_helix, nsp_disordered, Zeta Potential, Core Material, Surface_Ligand, Dtem, Dh_core, Dh_functionalized, Centrifuged, NP_incubation Concentration (mg/mL), Incubation Concentration (mg/ml)",0.9233355162692909
62,0.9478943513686715,0.011077111712047265,"Abundance_Controls, Length, Mass, frac_aa_A, frac_aa_C, frac_aa_E, frac_aa_F, frac_aa_G, frac_aa_I, frac_aa_L, frac_aa_M, frac_aa_P, frac_aa_R, frac_aa_S, frac_aa_T, frac_aa_W, frac_aa_Y, molecular_weight, flexibility_std, flexibility_max, flexibility_min, isoelectric_point, secondary_structure_fraction_helix, secondary_structure_fraction_turn, secondary_structure_fraction_sheet, secondary_structure_fraction_disordered, gravy, fraction_exposed, fraction_exposed_nonpolar_total, fraction_exposed_nonpolar_exposed, fraction_exposed_polar_total, fraction_exposed_polar_exposed, rsa_mean, asa_sum, fraction_exposed_exposed_C, fraction_exposed_exposed_E, fraction_exposed_exposed_G, fraction_exposed_exposed_H, fraction_exposed_exposed_I, fraction_exposed_exposed_L, fraction_exposed_exposed_M, fraction_exposed_exposed_P, fraction_exposed_exposed_Q, fraction_exposed_exposed_R, fraction_exposed_exposed_S, fraction_exposed_exposed_T, fraction_exposed_exposed_V, fraction_exposed_exposed_W, fraction_exposed_exposed_Y, nsp_secondary_structure_coil, nsp_secondary_structure_sheet, nsp_secondary_structure_helix, nsp_disordered, Zeta Potential, Core Material, Surface_Ligand, Dtem, Dh_core, Dh_functionalized, Centrifuged, NP_incubation Concentration (mg/mL), Incubation Concentration (mg/ml)",0.9244172396566243
61,0.9475904055662365,0.012280311263018494,"Abundance_Controls, Length, Mass, frac_aa_A, frac_aa_C, frac_aa_E, frac_aa_F, frac_aa_G, frac_aa_I, frac_aa_L, frac_aa_M, frac_aa_P, frac_aa_R, frac_aa_S, frac_aa_T, frac_aa_W, frac_aa_Y, molecular_weight, flexibility_std, flexibility_max, flexibility_min, isoelectric_point, secondary_structure_fraction_helix, secondary_structure_fraction_turn, secondary_structure_fraction_sheet, secondary_structure_fraction_disordered, gravy, fraction_exposed, fraction_exposed_nonpolar_total, fraction_exposed_nonpolar_exposed, fraction_exposed_polar_total, fraction_exposed_polar_exposed, rsa_mean, asa_sum, fraction_exposed_exposed_C, fraction_exposed_exposed_G, fraction_exposed_exposed_H, fraction_exposed_exposed_I, fraction_exposed_exposed_L, fraction_exposed_exposed_M, fraction_exposed_exposed_P, fraction_exposed_exposed_Q, fraction_exposed_exposed_R, fraction_exposed_exposed_S, fraction_exposed_exposed_T, fraction_exposed_exposed_V, fraction_exposed_exposed_W, fraction_exposed_exposed_Y, nsp_secondary_structure_coil, nsp_secondary_structure_sheet, nsp_secondary_structure_helix, nsp_disordered, Zeta Potential, Core Material, Surface_Ligand, Dtem, Dh_core, Dh_functionalized, Centrifuged, NP_incubation Concentration (mg/mL), Incubation Concentration (mg/ml)",0.923110094303218
60,0.9472901217614209,0.012428649612664511,"Abundance_Controls, Length, Mass, frac_aa_A, frac_aa_C, frac_aa_E, frac_aa_F, frac_aa_G, frac_aa_I, frac_aa_L, frac_aa_M, frac_aa_P, frac_aa_R, frac_aa_S, frac_aa_T, frac_aa_W, frac_aa_Y, molecular_weight, flexibility_std, flexibility_max, flexibility_min, isoelectric_point, secondary_structure_fraction_helix, secondary_structure_fraction_turn, secondary_structure_fraction_sheet, secondary_structure_fraction_disordered, gravy, fraction_exposed, fraction_exposed_nonpolar_total, fraction_exposed_nonpolar_exposed, fraction_exposed_polar_total, fraction_exposed_polar_exposed, rsa_mean, asa_sum, fraction_exposed_exposed_C, fraction_exposed_exposed_G, fraction_exposed_exposed_H, fraction_exposed_exposed_I, fraction_exposed_exposed_M, fraction_exposed_exposed_P, fraction_exposed_exposed_Q, fraction_exposed_exposed_R, fraction_exposed_exposed_S, fraction_exposed_exposed_T, fraction_exposed_exposed_V, fraction_exposed_exposed_W, fraction_exposed_exposed_Y, nsp_secondary_structure_coil, nsp_secondary_structure_sheet, nsp_secondary_structure_helix, nsp_disordered, Zeta Potential, Core Material, Surface_Ligand, Dtem, Dh_core, Dh_functionalized, Centrifuged, NP_incubation Concentration (mg/mL), Incubation Concentration (mg/ml)",0.9228614721487564
59,0.9466813146571456,0.011279762618780508,"Abundance_Controls, Length, Mass, frac_aa_C, frac_aa_E, frac_aa_F, frac_aa_G, frac_aa_I, frac_aa_L, frac_aa_M, frac_aa_P, frac_aa_R, frac_aa_S, frac_aa_T, frac_aa_W, frac_aa_Y, molecular_weight, flexibility_std, flexibility_max, flexibility_min, isoelectric_point, secondary_structure_fraction_helix, secondary_structure_fraction_turn, secondary_structure_fraction_sheet, secondary_structure_fraction_disordered, gravy, fraction_exposed, fraction_exposed_nonpolar_total, fraction_exposed_nonpolar_exposed, fraction_exposed_polar_total, fraction_exposed_polar_exposed, rsa_mean, asa_sum, fraction_exposed_exposed_C, fraction_exposed_exposed_G, fraction_exposed_exposed_H, fraction_exposed_exposed_I, fraction_exposed_exposed_M, fraction_exposed_exposed_P, fraction_exposed_exposed_Q, fraction_exposed_exposed_R, fraction_exposed_exposed_S, fraction_exposed_exposed_T, fraction_exposed_exposed_V, fraction_exposed_exposed_W, fraction_exposed_exposed_Y, nsp_secondary_structure_coil, nsp_secondary_structure_sheet, nsp_secondary_structure_helix, nsp_disordered, Zeta Potential, Core Material, Surface_Ligand, Dtem, Dh_core, Dh_functionalized, Centrifuged, NP_incubation Concentration (mg/mL), Incubation Concentration (mg/ml)",0.923601552038365
58,0.9481964661722971,0.010453818479290153,"Abundance_Controls, Length, Mass, frac_aa_C, frac_aa_E, frac_aa_F, frac_aa_G, frac_aa_I, frac_aa_L, frac_aa_M, frac_aa_P, frac_aa_R, frac_aa_S, frac_aa_T, frac_aa_W, frac_aa_Y, molecular_weight, flexibility_std, flexibility_max, flexibility_min, isoelectric_point, secondary_structure_fraction_helix, secondary_structure_fraction_sheet, secondary_structure_fraction_disordered, gravy, fraction_exposed, fraction_exposed_nonpolar_total, fraction_exposed_nonpolar_exposed, fraction_exposed_polar_total, fraction_exposed_polar_exposed, rsa_mean, asa_sum, fraction_exposed_exposed_C, fraction_exposed_exposed_G, fraction_exposed_exposed_H, fraction_exposed_exposed_I, fraction_exposed_exposed_M, fraction_exposed_exposed_P, fraction_exposed_exposed_Q, fraction_exposed_exposed_R, fraction_exposed_exposed_S, fraction_exposed_exposed_T, fraction_exposed_exposed_V, fraction_exposed_exposed_W, fraction_exposed_exposed_Y, nsp_secondary_structure_coil, nsp_secondary_structure_sheet, nsp_secondary_structure_helix, nsp_disordered, Zeta Potential, Core Material, Surface_Ligand, Dtem, Dh_core, Dh_functionalized, Centrifuged, NP_incubation Concentration (mg/mL), Incubation Concentration (mg/ml)",0.926142647693007
57,0.9472882907626111,0.010428974508794833,"Abundance_Controls, Length, Mass, frac_aa_C, frac_aa_E, frac_aa_F, frac_aa_G, frac_aa_I, frac_aa_L, frac_aa_M, frac_aa_P, frac_aa_R, frac_aa_S, frac_aa_T, frac_aa_W, frac_aa_Y, molecular_weight, flexibility_std, flexibility_max, flexibility_min, isoelectric_point, secondary_structure_fraction_helix, secondary_structure_fraction_sheet, secondary_structure_fraction_disordered, gravy, fraction_exposed, fraction_exposed_nonpolar_total, fraction_exposed_nonpolar_exposed, fraction_exposed_polar_total, fraction_exposed_polar_exposed, rsa_mean, asa_sum, fraction_exposed_exposed_C, fraction_exposed_exposed_G, fraction_exposed_exposed_H, fraction_exposed_exposed_I, fraction_exposed_exposed_M, fraction_exposed_exposed_P, fraction_exposed_exposed_Q, fraction_exposed_exposed_R, fraction_exposed_exposed_S, fraction_exposed_exposed_T, fraction_exposed_exposed_V, fraction_exposed_exposed_W, fraction_exposed_exposed_Y, nsp_secondary_structure_coil, nsp_secondary_structure_sheet, nsp_secondary_structure_helix, nsp_disordered, Zeta Potential, Core Material, Surface_Ligand, Dtem, Dh_core, Dh_functionalized, NP_incubation Concentration (mg/mL), Incubation Concentration (mg/ml)",0.9254593162538163
56,0.9460770850498947,0.010122342037507722,"Abundance_Controls, Length, Mass, frac_aa_C, frac_aa_E, frac_aa_F, frac_aa_G, frac_aa_I, frac_aa_L, frac_aa_M, frac_aa_P, frac_aa_R, frac_aa_S, frac_aa_T, frac_aa_W, frac_aa_Y, molecular_weight, flexibility_std, flexibility_max, flexibility_min, isoelectric_point, secondary_structure_fraction_helix, secondary_structure_fraction_sheet, secondary_structure_fraction_disordered, gravy, fraction_exposed, fraction_exposed_nonpolar_total, fraction_exposed_nonpolar_exposed, fraction_exposed_polar_total, fraction_exposed_polar_exposed, rsa_mean, asa_sum, fraction_exposed_exposed_C, fraction_exposed_exposed_G, fraction_exposed_exposed_I, fraction_exposed_exposed_M, fraction_exposed_exposed_P, fraction_exposed_exposed_Q, fraction_exposed_exposed_R, fraction_exposed_exposed_S, fraction_exposed_exposed_T, fraction_exposed_exposed_V, fraction_exposed_exposed_W, fraction_exposed_exposed_Y, nsp_secondary_structure_coil, nsp_secondary_structure_sheet, nsp_secondary_structure_helix, nsp_disordered, Zeta Potential, Core Material, Surface_Ligand, Dtem, Dh_core, Dh_functionalized, NP_incubation Concentration (mg/mL), Incubation Concentration (mg/ml)",0.924754743012387
55,0.9460743385516798,0.012922585943811106,"Abundance_Controls, Length, Mass, frac_aa_C, frac_aa_E, frac_aa_F, frac_aa_G, frac_aa_I, frac_aa_L, frac_aa_M, frac_aa_P, frac_aa_R, frac_aa_S, frac_aa_T, frac_aa_W, frac_aa_Y, molecular_weight, flexibility_std, flexibility_max, flexibility_min, isoelectric_point, secondary_structure_fraction_helix, secondary_structure_fraction_sheet, secondary_structure_fraction_disordered, gravy, fraction_exposed, fraction_exposed_nonpolar_total, fraction_exposed_nonpolar_exposed, fraction_exposed_polar_total, fraction_exposed_polar_exposed, rsa_mean, asa_sum, fraction_exposed_exposed_C, fraction_exposed_exposed_G, fraction_exposed_exposed_I, fraction_exposed_exposed_M, fraction_exposed_exposed_P, fraction_exposed_exposed_Q, fraction_exposed_exposed_R, fraction_exposed_exposed_S, fraction_exposed_exposed_T, fraction_exposed_exposed_V, fraction_exposed_exposed_W, fraction_exposed_exposed_Y, nsp_secondary_structure_coil, nsp_secondary_structure_sheet, nsp_secondary_structure_helix, Zeta Potential, Core Material, Surface_Ligand, Dtem, Dh_core, Dh_functionalized, NP_incubation Concentration (mg/mL), Incubation Concentration (mg/ml)",0.9221517526078686
54,0.9445619335347433,0.013073757350076487,"Abundance_Controls, Length, Mass, frac_aa_C, frac_aa_E, frac_aa_F, frac_aa_G, frac_aa_I, frac_aa_L, frac_aa_M, frac_aa_P, frac_aa_R, frac_aa_S, frac_aa_T, frac_aa_W, frac_aa_Y, molecular_weight, flexibility_std, flexibility_max, flexibility_min, isoelectric_point, secondary_structure_fraction_sheet, secondary_structure_fraction_disordered, gravy, fraction_exposed, fraction_exposed_nonpolar_total, fraction_exposed_nonpolar_exposed, fraction_exposed_polar_total, fraction_exposed_polar_exposed, rsa_mean, asa_sum, fraction_exposed_exposed_C, fraction_exposed_exposed_G, fraction_exposed_exposed_I, fraction_exposed_exposed_M, fraction_exposed_exposed_P, fraction_exposed_exposed_Q, fraction_exposed_exposed_R, fraction_exposed_exposed_S, fraction_exposed_exposed_T, fraction_exposed_exposed_V, fraction_exposed_exposed_W, fraction_exposed_exposed_Y, nsp_secondary_structure_coil, nsp_secondary_structure_sheet, nsp_secondary_structure_helix, Zeta Potential, Core Material, Surface_Ligand, Dtem, Dh_core, Dh_functionalized, NP_incubation Concentration (mg/mL), Incubation Concentration (mg/ml)",0.9206881761846667
53,0.9466822301565504,0.011597156384933928,"Abundance_Controls, Length, Mass, frac_aa_C, frac_aa_E, frac_aa_F, frac_aa_G, frac_aa_I, frac_aa_L, frac_aa_M, frac_aa_P, frac_aa_R, frac_aa_S, frac_aa_T, frac_aa_W, molecular_weight, flexibility_std, flexibility_max, flexibility_min, isoelectric_point, secondary_structure_fraction_sheet, secondary_structure_fraction_disordered, gravy, fraction_exposed, fraction_exposed_nonpolar_total, fraction_exposed_nonpolar_exposed, fraction_exposed_polar_total, fraction_exposed_polar_exposed, rsa_mean, asa_sum, fraction_exposed_exposed_C, fraction_exposed_exposed_G, fraction_exposed_exposed_I, fraction_exposed_exposed_M, fraction_exposed_exposed_P, fraction_exposed_exposed_Q, fraction_exposed_exposed_R, fraction_exposed_exposed_S, fraction_exposed_exposed_T, fraction_exposed_exposed_V, fraction_exposed_exposed_W, fraction_exposed_exposed_Y, nsp_secondary_structure_coil, nsp_secondary_structure_sheet, nsp_secondary_structure_helix, Zeta Potential, Core Material, Surface_Ligand, Dtem, Dh_core, Dh_functionalized, NP_incubation Concentration (mg/mL), Incubation Concentration (mg/ml)",0.9244850737716164
52,0.9478934358692668,0.010829597364823354,"Abundance_Controls, Length, Mass, frac_aa_C, frac_aa_E, frac_aa_F, frac_aa_G, frac_aa_I, frac_aa_L, frac_aa_M, frac_aa_P, frac_aa_R, frac_aa_S, frac_aa_T, frac_aa_W, molecular_weight, flexibility_std, flexibility_max, flexibility_min, isoelectric_point, secondary_structure_fraction_sheet, gravy, fraction_exposed, fraction_exposed_nonpolar_total, fraction_exposed_nonpolar_exposed, fraction_exposed_polar_total, fraction_exposed_polar_exposed, rsa_mean, asa_sum, fraction_exposed_exposed_C, fraction_exposed_exposed_G, fraction_exposed_exposed_I, fraction_exposed_exposed_M, fraction_exposed_exposed_P, fraction_exposed_exposed_Q, fraction_exposed_exposed_R, fraction_exposed_exposed_S, fraction_exposed_exposed_T, fraction_exposed_exposed_V, fraction_exposed_exposed_W, fraction_exposed_exposed_Y, nsp_secondary_structure_coil, nsp_secondary_structure_sheet, nsp_secondary_structure_helix, Zeta Potential, Core Material, Surface_Ligand, Dtem, Dh_core, Dh_functionalized, NP_incubation Concentration (mg/mL), Incubation Concentration (mg/ml)",0.9266638385044434
51,0.9469852604595808,0.010949157631266205,"Abundance_Controls, Length, Mass, frac_aa_C, frac_aa_E, frac_aa_F, frac_aa_G, frac_aa_I, frac_aa_L, frac_aa_M, frac_aa_P, frac_aa_R, frac_aa_S, frac_aa_T, frac_aa_W, molecular_weight, flexibility_std, flexibility_min, isoelectric_point, secondary_structure_fraction_sheet, gravy, fraction_exposed, fraction_exposed_nonpolar_total, fraction_exposed_nonpolar_exposed, fraction_exposed_polar_total, fraction_exposed_polar_exposed, rsa_mean, asa_sum, fraction_exposed_exposed_C, fraction_exposed_exposed_G, fraction_exposed_exposed_I, fraction_exposed_exposed_M, fraction_exposed_exposed_P, fraction_exposed_exposed_Q, fraction_exposed_exposed_R, fraction_exposed_exposed_S, fraction_exposed_exposed_T, fraction_exposed_exposed_V, fraction_exposed_exposed_W, fraction_exposed_exposed_Y, nsp_secondary_structure_coil, nsp_secondary_structure_sheet, nsp_secondary_structure_helix, Zeta Potential, Core Material, Surface_Ligand, Dtem, Dh_core, Dh_functionalized, NP_incubation Concentration (mg/mL), Incubation Concentration (mg/ml)",0.9258361028283145
50,0.9469861759589857,0.011275345120695288,"Abundance_Controls, Length, Mass, frac_aa_C, frac_aa_E, frac_aa_F, frac_aa_G, frac_aa_I, frac_aa_L, frac_aa_M, frac_aa_P, frac_aa_R, frac_aa_S, frac_aa_T, frac_aa_W, molecular_weight, flexibility_std, flexibility_min, isoelectric_point, secondary_structure_fraction_sheet, gravy, fraction_exposed, fraction_exposed_nonpolar_total, fraction_exposed_nonpolar_exposed, fraction_exposed_polar_total, fraction_exposed_polar_exposed, rsa_mean, asa_sum, fraction_exposed_exposed_C, fraction_exposed_exposed_G, fraction_exposed_exposed_I, fraction_exposed_exposed_M, fraction_exposed_exposed_P, fraction_exposed_exposed_Q, fraction_exposed_exposed_R, fraction_exposed_exposed_S, fraction_exposed_exposed_T, fraction_exposed_exposed_V, fraction_exposed_exposed_W, fraction_exposed_exposed_Y, nsp_secondary_structure_coil, nsp_secondary_structure_sheet, nsp_secondary_structure_helix, Zeta Potential, Surface_Ligand, Dtem, Dh_core, Dh_functionalized, NP_incubation Concentration (mg/mL), Incubation Concentration (mg/ml)",0.9257108308382904
49,0.9463782843541152,0.011668297933624484,"Abundance_Controls, Length, Mass, frac_aa_C, frac_aa_E, frac_aa_F, frac_aa_G, frac_aa_I, frac_aa_L, frac_aa_M, frac_aa_P, frac_aa_R, frac_aa_S, frac_aa_T, frac_aa_W, molecular_weight, flexibility_std, flexibility_min, isoelectric_point, secondary_structure_fraction_sheet, gravy, fraction_exposed, fraction_exposed_nonpolar_total, fraction_exposed_nonpolar_exposed, fraction_exposed_polar_total, fraction_exposed_polar_exposed, rsa_mean, asa_sum, fraction_exposed_exposed_C, fraction_exposed_exposed_G, fraction_exposed_exposed_I, fraction_exposed_exposed_M, fraction_exposed_exposed_P, fraction_exposed_exposed_Q, fraction_exposed_exposed_R, fraction_exposed_exposed_S, fraction_exposed_exposed_T, fraction_exposed_exposed_V, fraction_exposed_exposed_Y, nsp_secondary_structure_coil, nsp_secondary_structure_sheet, nsp_secondary_structure_helix, Zeta Potential, Surface_Ligand, Dtem, Dh_core, Dh_functionalized, NP_incubation Concentration (mg/mL), Incubation Concentration (mg/ml)",0.9249099864204907
48,0.9448622173395588,0.012852625065392006,"Abundance_Controls, Length, Mass, frac_aa_C, frac_aa_E, frac_aa_F, frac_aa_G, frac_aa_I, frac_aa_L, frac_aa_M, frac_aa_P, frac_aa_R, frac_aa_S, frac_aa_T, frac_aa_W, molecular_weight, flexibility_std, flexibility_min, isoelectric_point, secondary_structure_fraction_sheet, gravy, fraction_exposed, fraction_exposed_nonpolar_total, fraction_exposed_nonpolar_exposed, fraction_exposed_polar_total, fraction_exposed_polar_exposed, rsa_mean, asa_sum, fraction_exposed_exposed_C, fraction_exposed_exposed_G, fraction_exposed_exposed_I, fraction_exposed_exposed_M, fraction_exposed_exposed_P, fraction_exposed_exposed_R, fraction_exposed_exposed_S, fraction_exposed_exposed_T, fraction_exposed_exposed_V, fraction_exposed_exposed_Y, nsp_secondary_structure_coil, nsp_secondary_structure_sheet, nsp_secondary_structure_helix, Zeta Potential, Surface_Ligand, Dtem, Dh_core, Dh_functionalized, NP_incubation Concentration (mg/mL), Incubation Concentration (mg/ml)",0.9224095922741667
47,0.9472864597638011,0.013505070671155755,"Abundance_Controls, Length, Mass, frac_aa_C, frac_aa_E, frac_aa_F, frac_aa_G, frac_aa_I, frac_aa_L, frac_aa_M, frac_aa_P, frac_aa_R, frac_aa_S, frac_aa_T, frac_aa_W, molecular_weight, flexibility_std, flexibility_min, isoelectric_point, secondary_structure_fraction_sheet, gravy, fraction_exposed_nonpolar_total, fraction_exposed_nonpolar_exposed, fraction_exposed_polar_total, fraction_exposed_polar_exposed, rsa_mean, asa_sum, fraction_exposed_exposed_C, fraction_exposed_exposed_G, fraction_exposed_exposed_I, fraction_exposed_exposed_M, fraction_exposed_exposed_P, fraction_exposed_exposed_R, fraction_exposed_exposed_S, fraction_exposed_exposed_T, fraction_exposed_exposed_V, fraction_exposed_exposed_Y, nsp_secondary_structure_coil, nsp_secondary_structure_sheet, nsp_secondary_structure_helix, Zeta Potential, Surface_Ligand, Dtem, Dh_core, Dh_functionalized, NP_incubation Concentration (mg/mL), Incubation Concentration (mg/ml)",0.9243813890926453
46,0.946378284354115,0.012131300854169814,"Abundance_Controls, Length, Mass, frac_aa_C, frac_aa_F, frac_aa_G, frac_aa_I, frac_aa_L, frac_aa_M, frac_aa_P, frac_aa_R, frac_aa_S, frac_aa_T, frac_aa_W, molecular_weight, flexibility_std, flexibility_min, isoelectric_point, secondary_structure_fraction_sheet, gravy, fraction_exposed_nonpolar_total, fraction_exposed_nonpolar_exposed, fraction_exposed_polar_total, fraction_exposed_polar_exposed, rsa_mean, asa_sum, fraction_exposed_exposed_C, fraction_exposed_exposed_G, fraction_exposed_exposed_I, fraction_exposed_exposed_M, fraction_exposed_exposed_P, fraction_exposed_exposed_R, fraction_exposed_exposed_S, fraction_exposed_exposed_T, fraction_exposed_exposed_V, fraction_exposed_exposed_Y, nsp_secondary_structure_coil, nsp_secondary_structure_sheet, nsp_secondary_structure_helix, Zeta Potential, Surface_Ligand, Dtem, Dh_core, Dh_functionalized, NP_incubation Concentration (mg/mL), Incubation Concentration (mg/ml)",0.9250469834999452
45,0.9460752540510848,0.012263412891352108,"Abundance_Controls, Length, Mass, frac_aa_C, frac_aa_F, frac_aa_G, frac_aa_I, frac_aa_L, frac_aa_M, frac_aa_P, frac_aa_R, frac_aa_S, frac_aa_T, frac_aa_W, molecular_weight, flexibility_std, flexibility_min, isoelectric_point, secondary_structure_fraction_sheet, gravy, fraction_exposed_nonpolar_total, fraction_exposed_nonpolar_exposed, fraction_exposed_polar_total, fraction_exposed_polar_exposed, asa_sum, fraction_exposed_exposed_C, fraction_exposed_exposed_G, fraction_exposed_exposed_I, fraction_exposed_exposed_M, fraction_exposed_exposed_P, fraction_exposed_exposed_R, fraction_exposed_exposed_S, fraction_exposed_exposed_T, fraction_exposed_exposed_V, fraction_exposed_exposed_Y, nsp_secondary_structure_coil, nsp_secondary_structure_sheet, nsp_secondary_structure_helix, Zeta Potential, Surface_Ligand, Dtem, Dh_core, Dh_functionalized, NP_incubation Concentration (mg/mL), Incubation Concentration (mg/ml)",0.9248118411597327
44,0.94607616955049,0.012916506237217101,"Abundance_Controls, Length, Mass, frac_aa_F, frac_aa_G, frac_aa_I, frac_aa_L, frac_aa_M, frac_aa_P, frac_aa_R, frac_aa_S, frac_aa_T, frac_aa_W, molecular_weight, flexibility_std, flexibility_min, isoelectric_point, secondary_structure_fraction_sheet, gravy, fraction_exposed_nonpolar_total, fraction_exposed_nonpolar_exposed, fraction_exposed_polar_total, fraction_exposed_polar_exposed, asa_sum, fraction_exposed_exposed_C, fraction_exposed_exposed_G, fraction_exposed_exposed_I, fraction_exposed_exposed_M, fraction_exposed_exposed_P, fraction_exposed_exposed_R, fraction_exposed_exposed_S, fraction_exposed_exposed_T, fraction_exposed_exposed_V, fraction_exposed_exposed_Y, nsp_secondary_structure_coil, nsp_secondary_structure_sheet, nsp_secondary_structure_helix, Zeta Potential, Surface_Ligand, Dtem, Dh_core, Dh_functionalized, NP_incubation Concentration (mg/mL), Incubation Concentration (mg/ml)",0.9243596633132729
43,0.9488006957795477,0.011935968101123455,"Abundance_Controls, Length, Mass, frac_aa_F, frac_aa_G, frac_aa_I, frac_aa_L, frac_aa_M, frac_aa_P, frac_aa_R, frac_aa_T, frac_aa_W, molecular_weight, flexibility_std, flexibility_min, isoelectric_point, secondary_structure_fraction_sheet, gravy, fraction_exposed_nonpolar_total, fraction_exposed_nonpolar_exposed, fraction_exposed_polar_total, fraction_exposed_polar_exposed, asa_sum, fraction_exposed_exposed_C, fraction_exposed_exposed_G, fraction_exposed_exposed_I, fraction_exposed_exposed_M, fraction_exposed_exposed_P, fraction_exposed_exposed_R, fraction_exposed_exposed_S, fraction_exposed_exposed_T, fraction_exposed_exposed_V, fraction_exposed_exposed_Y, nsp_secondary_structure_coil, nsp_secondary_structure_sheet, nsp_secondary_structure_helix, Zeta Potential, Surface_Ligand, Dtem, Dh_core, Dh_functionalized, NP_incubation Concentration (mg/mL), Incubation Concentration (mg/ml)",0.9282647276784243
42,0.9494076718850133,0.011978551647559845,"Abundance_Controls, Length, Mass, frac_aa_G, frac_aa_I, frac_aa_L, frac_aa_M, frac_aa_P, frac_aa_R, frac_aa_T, frac_aa_W, molecular_weight, flexibility_std, flexibility_min, isoelectric_point, secondary_structure_fraction_sheet, gravy, fraction_exposed_nonpolar_total, fraction_exposed_nonpolar_exposed, fraction_exposed_polar_total, fraction_exposed_polar_exposed, asa_sum, fraction_exposed_exposed_C, fraction_exposed_exposed_G, fraction_exposed_exposed_I, fraction_exposed_exposed_M, fraction_exposed_exposed_P, fraction_exposed_exposed_R, fraction_exposed_exposed_S, fraction_exposed_exposed_T, fraction_exposed_exposed_V, fraction_exposed_exposed_Y, nsp_secondary_structure_coil, nsp_secondary_structure_sheet, nsp_secondary_structure_helix, Zeta Potential, Surface_Ligand, Dtem, Dh_core, Dh_functionalized, NP_incubation Concentration (mg/mL), Incubation Concentration (mg/ml)",0.9290291202374534
41,0.946378284354115,0.01362849784559286,"Abundance_Controls, Length, Mass, frac_aa_G, frac_aa_I, frac_aa_L, frac_aa_M, frac_aa_P, frac_aa_R, frac_aa_T, frac_aa_W, molecular_weight, flexibility_std, flexibility_min, isoelectric_point, secondary_structure_fraction_sheet, gravy, fraction_exposed_nonpolar_total, fraction_exposed_nonpolar_exposed, fraction_exposed_polar_total, fraction_exposed_polar_exposed, asa_sum, fraction_exposed_exposed_C, fraction_exposed_exposed_G, fraction_exposed_exposed_M, fraction_exposed_exposed_P, fraction_exposed_exposed_R, fraction_exposed_exposed_S, fraction_exposed_exposed_T, fraction_exposed_exposed_V, fraction_exposed_exposed_Y, nsp_secondary_structure_coil, nsp_secondary_structure_sheet, nsp_secondary_structure_helix, Zeta Potential, Surface_Ligand, Dtem, Dh_core, Dh_functionalized, NP_incubation Concentration (mg/mL), Incubation Concentration (mg/ml)",0.9245497865085222
40,0.9466831456559553,0.011513522891180869,"Abundance_Controls, Length, Mass, frac_aa_G, frac_aa_I, frac_aa_L, frac_aa_M, frac_aa_P, frac_aa_R, frac_aa_T, frac_aa_W, molecular_weight, flexibility_std, flexibility_min, isoelectric_point, secondary_structure_fraction_sheet, gravy, fraction_exposed_nonpolar_exposed, fraction_exposed_polar_total, fraction_exposed_polar_exposed, asa_sum, fraction_exposed_exposed_C, fraction_exposed_exposed_G, fraction_exposed_exposed_M, fraction_exposed_exposed_P, fraction_exposed_exposed_R, fraction_exposed_exposed_S, fraction_exposed_exposed_T, fraction_exposed_exposed_V, fraction_exposed_exposed_Y, nsp_secondary_structure_coil, nsp_secondary_structure_sheet, nsp_secondary_structure_helix, Zeta Potential, Surface_Ligand, Dtem, Dh_core, Dh_functionalized, NP_incubation Concentration (mg/mL), Incubation Concentration (mg/ml)",0.9271696227647744
39,0.9457713082486496,0.013387105351150924,"Abundance_Controls, Length, Mass, frac_aa_G, frac_aa_I, frac_aa_L, frac_aa_M, frac_aa_R, frac_aa_T, frac_aa_W, molecular_weight, flexibility_std, flexibility_min, isoelectric_point, secondary_structure_fraction_sheet, gravy, fraction_exposed_nonpolar_exposed, fraction_exposed_polar_total, fraction_exposed_polar_exposed, asa_sum, fraction_exposed_exposed_C, fraction_exposed_exposed_G, fraction_exposed_exposed_M, fraction_exposed_exposed_P, fraction_exposed_exposed_R, fraction_exposed_exposed_S, fraction_exposed_exposed_T, fraction_exposed_exposed_V, fraction_exposed_exposed_Y, nsp_secondary_structure_coil, nsp_secondary_structure_sheet, nsp_secondary_structure_helix, Zeta Potential, Surface_Ligand, Dtem, Dh_core, Dh_functionalized, NP_incubation Concentration (mg/mL), Incubation Concentration (mg/ml)",0.9245842028974987
38,0.9475922365650462,0.012928656697589937,"Abundance_Controls, Length, Mass, frac_aa_G, frac_aa_I, frac_aa_L, frac_aa_M, frac_aa_R, frac_aa_T, molecular_weight, flexibility_std, flexibility_min, isoelectric_point, secondary_structure_fraction_sheet, gravy, fraction_exposed_nonpolar_exposed, fraction_exposed_polar_total, fraction_exposed_polar_exposed, asa_sum, fraction_exposed_exposed_C, fraction_exposed_exposed_G, fraction_exposed_exposed_M, fraction_exposed_exposed_P, fraction_exposed_exposed_R, fraction_exposed_exposed_S, fraction_exposed_exposed_T, fraction_exposed_exposed_V, fraction_exposed_exposed_Y, nsp_secondary_structure_coil, nsp_secondary_structure_sheet, nsp_secondary_structure_helix, Zeta Potential, Surface_Ligand, Dtem, Dh_core, Dh_functionalized, NP_incubation Concentration (mg/mL), Incubation Concentration (mg/ml)",0.9270635798674562
37,0.9469852604595808,0.011757955848923852,"Abundance_Controls, Length, Mass, frac_aa_G, frac_aa_L, frac_aa_M, frac_aa_R, frac_aa_T, molecular_weight, flexibility_std, flexibility_min, isoelectric_point, secondary_structure_fraction_sheet, gravy, fraction_exposed_nonpolar_exposed, fraction_exposed_polar_total, fraction_exposed_polar_exposed, asa_sum, fraction_exposed_exposed_C, fraction_exposed_exposed_G, fraction_exposed_exposed_M, fraction_exposed_exposed_P, fraction_exposed_exposed_R, fraction_exposed_exposed_S, fraction_exposed_exposed_T, fraction_exposed_exposed_V, fraction_exposed_exposed_Y, nsp_secondary_structure_coil, nsp_secondary_structure_sheet, nsp_secondary_structure_helix, Zeta Potential, Surface_Ligand, Dtem, Dh_core, Dh_functionalized, NP_incubation Concentration (mg/mL), Incubation Concentration (mg/ml)",0.927827304610657
36,0.9454701089444292,0.012644212846442389,"Abundance_Controls, Length, Mass, frac_aa_G, frac_aa_L, frac_aa_M, frac_aa_R, frac_aa_T, molecular_weight, flexibility_std, flexibility_min, isoelectric_point, secondary_structure_fraction_sheet, gravy, fraction_exposed_nonpolar_exposed, fraction_exposed_polar_total, fraction_exposed_polar_exposed, asa_sum, fraction_exposed_exposed_G, fraction_exposed_exposed_M, fraction_exposed_exposed_P, fraction_exposed_exposed_R, fraction_exposed_exposed_S, fraction_exposed_exposed_T, fraction_exposed_exposed_V, fraction_exposed_exposed_Y, nsp_secondary_structure_coil, nsp_secondary_structure_sheet, nsp_secondary_structure_helix, Zeta Potential, Surface_Ligand, Dtem, Dh_core, Dh_functionalized, NP_incubation Concentration (mg/mL), Incubation Concentration (mg/ml)",0.9256258960979868
35,0.9494085873844182,0.01050470079976842,"Abundance_Controls, Length, Mass, frac_aa_G, frac_aa_L, frac_aa_M, frac_aa_R, frac_aa_T, molecular_weight, flexibility_std, flexibility_min, isoelectric_point, secondary_structure_fraction_sheet, gravy, fraction_exposed_nonpolar_exposed, fraction_exposed_polar_total, fraction_exposed_polar_exposed, asa_sum, fraction_exposed_exposed_G, fraction_exposed_exposed_M, fraction_exposed_exposed_P, fraction_exposed_exposed_R, fraction_exposed_exposed_S, fraction_exposed_exposed_T, fraction_exposed_exposed_V, fraction_exposed_exposed_Y, nsp_secondary_structure_coil, nsp_secondary_structure_sheet, nsp_secondary_structure_helix, Zeta Potential, Surface_Ligand, Dtem, Dh_functionalized, NP_incubation Concentration (mg/mL), Incubation Concentration (mg/ml)",0.9319038865846498
34,0.9491055570813879,0.012701252056016597,"Abundance_Controls, Length, Mass, frac_aa_G, frac_aa_L, frac_aa_M, frac_aa_R, frac_aa_T, molecular_weight, flexibility_min, isoelectric_point, secondary_structure_fraction_sheet, gravy, fraction_exposed_nonpolar_exposed, fraction_exposed_polar_total, fraction_exposed_polar_exposed, asa_sum, fraction_exposed_exposed_G, fraction_exposed_exposed_M, fraction_exposed_exposed_P, fraction_exposed_exposed_R, fraction_exposed_exposed_S, fraction_exposed_exposed_T, fraction_exposed_exposed_V, fraction_exposed_exposed_Y, nsp_secondary_structure_coil, nsp_secondary_structure_sheet, nsp_secondary_structure_helix, Zeta Potential, Surface_Ligand, Dtem, Dh_functionalized, NP_incubation Concentration (mg/mL), Incubation Concentration (mg/ml)",0.9296043050253713
33,0.9491037260825781,0.013681355677541824,"Abundance_Controls, Length, Mass, frac_aa_G, frac_aa_L, frac_aa_M, frac_aa_R, frac_aa_T, molecular_weight, flexibility_min, isoelectric_point, secondary_structure_fraction_sheet, gravy, fraction_exposed_nonpolar_exposed, fraction_exposed_polar_total, fraction_exposed_polar_exposed, asa_sum, fraction_exposed_exposed_M, fraction_exposed_exposed_P, fraction_exposed_exposed_R, fraction_exposed_exposed_S, fraction_exposed_exposed_T, fraction_exposed_exposed_V, fraction_exposed_exposed_Y, nsp_secondary_structure_coil, nsp_secondary_structure_sheet, nsp_secondary_structure_helix, Zeta Potential, Surface_Ligand, Dtem, Dh_functionalized, NP_incubation Concentration (mg/mL), Incubation Concentration (mg/ml)",0.9288223704050362
32,0.9503176782935091,0.013154474378458106,"Abundance_Controls, Length, Mass, frac_aa_G, frac_aa_L, frac_aa_M, frac_aa_R, frac_aa_T, molecular_weight, flexibility_min, isoelectric_point, secondary_structure_fraction_sheet, gravy, fraction_exposed_nonpolar_exposed, fraction_exposed_polar_total, fraction_exposed_polar_exposed, asa_sum, fraction_exposed_exposed_M, fraction_exposed_exposed_P, fraction_exposed_exposed_R, fraction_exposed_exposed_S, fraction_exposed_exposed_T, fraction_exposed_exposed_Y, nsp_secondary_structure_coil, nsp_secondary_structure_sheet, nsp_secondary_structure_helix, Zeta Potential, Surface_Ligand, Dtem, Dh_functionalized, NP_incubation Concentration (mg/mL), Incubation Concentration (mg/ml)",0.9307632039150511
31,0.9494085873844182,0.014023781999660947,"Abundance_Controls, Length, Mass, frac_aa_G, frac_aa_L, frac_aa_M, frac_aa_R, frac_aa_T, molecular_weight, flexibility_min, isoelectric_point, secondary_structure_fraction_sheet, gravy, fraction_exposed_nonpolar_exposed, fraction_exposed_polar_total, fraction_exposed_polar_exposed, asa_sum, fraction_exposed_exposed_M, fraction_exposed_exposed_P, fraction_exposed_exposed_R, fraction_exposed_exposed_S, fraction_exposed_exposed_T, fraction_exposed_exposed_Y, nsp_secondary_structure_sheet, nsp_secondary_structure_helix, Zeta Potential, Surface_Ligand, Dtem, Dh_functionalized, NP_incubation Concentration (mg/mL), Incubation Concentration (mg/ml)",0.9291848053847573
30,0.9500146479904789,0.013434548383642215,"Abundance_Controls, Length, Mass, frac_aa_G, frac_aa_L, frac_aa_M, frac_aa_R, frac_aa_T, molecular_weight, flexibility_min, isoelectric_point, secondary_structure_fraction_sheet, gravy, fraction_exposed_nonpolar_exposed, fraction_exposed_polar_total, fraction_exposed_polar_exposed, asa_sum, fraction_exposed_exposed_P, fraction_exposed_exposed_R, fraction_exposed_exposed_S, fraction_exposed_exposed_T, fraction_exposed_exposed_Y, nsp_secondary_structure_sheet, nsp_secondary_structure_helix, Zeta Potential, Surface_Ligand, Dtem, Dh_functionalized, NP_incubation Concentration (mg/mL), Incubation Concentration (mg/ml)",0.9305800996068366
29,0.9487997802801429,0.013992249352604243,"Abundance_Controls, Length, Mass, frac_aa_G, frac_aa_L, frac_aa_M, frac_aa_R, frac_aa_T, molecular_weight, flexibility_min, secondary_structure_fraction_sheet, gravy, fraction_exposed_nonpolar_exposed, fraction_exposed_polar_total, fraction_exposed_polar_exposed, asa_sum, fraction_exposed_exposed_P, fraction_exposed_exposed_R, fraction_exposed_exposed_S, fraction_exposed_exposed_T, fraction_exposed_exposed_Y, nsp_secondary_structure_sheet, nsp_secondary_structure_helix, Zeta Potential, Surface_Ligand, Dtem, Dh_functionalized, NP_incubation Concentration (mg/mL), Incubation Concentration (mg/ml)",0.9290075309275386
28,0.9500146479904787,0.01410150925196842,"Abundance_Controls, Length, Mass, frac_aa_G, frac_aa_L, frac_aa_M, frac_aa_R, frac_aa_T, molecular_weight, flexibility_min, secondary_structure_fraction_sheet, gravy, fraction_exposed_nonpolar_exposed, fraction_exposed_polar_total, fraction_exposed_polar_exposed, asa_sum, fraction_exposed_exposed_P, fraction_exposed_exposed_R, fraction_exposed_exposed_S, fraction_exposed_exposed_T, fraction_exposed_exposed_Y, nsp_secondary_structure_sheet, nsp_secondary_structure_helix, Zeta Potential, Surface_Ligand, Dtem, Dh_functionalized, Incubation Concentration (mg/ml)",0.9303131387385103
27,0.9494067563856085,0.01342701280851662,"Abundance_Controls, Length, Mass, frac_aa_G, frac_aa_L, frac_aa_M, frac_aa_R, frac_aa_T, molecular_weight, flexibility_min, gravy, fraction_exposed_nonpolar_exposed, fraction_exposed_polar_total, fraction_exposed_polar_exposed, asa_sum, fraction_exposed_exposed_P, fraction_exposed_exposed_R, fraction_exposed_exposed_S, fraction_exposed_exposed_T, fraction_exposed_exposed_Y, nsp_secondary_structure_sheet, nsp_secondary_structure_helix, Zeta Potential, Surface_Ligand, Dtem, Dh_functionalized, Incubation Concentration (mg/ml)",0.9305797435770918
26,0.9500137324910739,0.01273584847973149,"Abundance_Controls, Length, Mass, frac_aa_G, frac_aa_L, frac_aa_M, frac_aa_R, frac_aa_T, molecular_weight, flexibility_min, fraction_exposed_nonpolar_exposed, fraction_exposed_polar_total, fraction_exposed_polar_exposed, asa_sum, fraction_exposed_exposed_P, fraction_exposed_exposed_R, fraction_exposed_exposed_S, fraction_exposed_exposed_T, fraction_exposed_exposed_Y, nsp_secondary_structure_sheet, nsp_secondary_structure_helix, Zeta Potential, Surface_Ligand, Dtem, Dh_functionalized, Incubation Concentration (mg/ml)",0.9320778840113424
25,0.9503149317952945,0.01410535127449129,"Abundance_Controls, Length, Mass, frac_aa_G, frac_aa_L, frac_aa_M, frac_aa_R, molecular_weight, flexibility_min, fraction_exposed_nonpolar_exposed, fraction_exposed_polar_total, fraction_exposed_polar_exposed, asa_sum, fraction_exposed_exposed_P, fraction_exposed_exposed_R, fraction_exposed_exposed_S, fraction_exposed_exposed_T, fraction_exposed_exposed_Y, nsp_secondary_structure_sheet, nsp_secondary_structure_helix, Zeta Potential, Surface_Ligand, Dtem, Dh_functionalized, Incubation Concentration (mg/ml)",0.9312095805208032
24,0.9506188775977297,0.013830144077762554,"Abundance_Controls, Length, Mass, frac_aa_G, frac_aa_L, frac_aa_M, frac_aa_R, molecular_weight, flexibility_min, fraction_exposed_nonpolar_exposed, fraction_exposed_polar_exposed, asa_sum, fraction_exposed_exposed_P, fraction_exposed_exposed_R, fraction_exposed_exposed_S, fraction_exposed_exposed_T, fraction_exposed_exposed_Y, nsp_secondary_structure_sheet, nsp_secondary_structure_helix, Zeta Potential, Surface_Ligand, Dtem, Dh_functionalized, Incubation Concentration (mg/ml)",0.9319887335199671
23,0.9500119014922641,0.015415170063282153,"Abundance_Controls, Length, Mass, frac_aa_L, frac_aa_M, frac_aa_R, molecular_weight, flexibility_min, fraction_exposed_nonpolar_exposed, fraction_exposed_polar_exposed, asa_sum, fraction_exposed_exposed_P, fraction_exposed_exposed_R, fraction_exposed_exposed_S, fraction_exposed_exposed_T, fraction_exposed_exposed_Y, nsp_secondary_structure_sheet, nsp_secondary_structure_helix, Zeta Potential, Surface_Ligand, Dtem, Dh_functionalized, Incubation Concentration (mg/ml)",0.9299967314289819
22,0.9478916048704569,0.016202129600924788,"Abundance_Controls, Length, Mass, frac_aa_L, frac_aa_M, frac_aa_R, molecular_weight, flexibility_min, fraction_exposed_nonpolar_exposed, fraction_exposed_polar_exposed, asa_sum, fraction_exposed_exposed_R, fraction_exposed_exposed_S, fraction_exposed_exposed_T, fraction_exposed_exposed_Y, nsp_secondary_structure_sheet, nsp_secondary_structure_helix, Zeta Potential, Surface_Ligand, Dtem, Dh_functionalized, Incubation Concentration (mg/ml)",0.9272894752695321
21,0.9457713082486496,0.013658725374176917,"Abundance_Controls, Length, Mass, frac_aa_L, frac_aa_M, frac_aa_R, molecular_weight, flexibility_min, fraction_exposed_nonpolar_exposed, fraction_exposed_polar_exposed, asa_sum, fraction_exposed_exposed_R, fraction_exposed_exposed_S, fraction_exposed_exposed_T, fraction_exposed_exposed_Y, nsp_secondary_structure_sheet, nsp_secondary_structure_helix, Zeta Potential, Surface_Ligand, Dtem, Dh_functionalized",0.9279125828744728
20,0.9457731392474595,0.012234126393922136,"Abundance_Controls, Length, Mass, frac_aa_L, frac_aa_M, frac_aa_R, molecular_weight, flexibility_min, fraction_exposed_polar_exposed, asa_sum, fraction_exposed_exposed_R, fraction_exposed_exposed_S, fraction_exposed_exposed_T, fraction_exposed_exposed_Y, nsp_secondary_structure_sheet, nsp_secondary_structure_helix, Zeta Potential, Surface_Ligand, Dtem, Dh_functionalized",0.9295390128535373
19,0.9475913210656414,0.01212625613725292,"Abundance_Controls, Length, Mass, frac_aa_M, frac_aa_R, molecular_weight, flexibility_min, fraction_exposed_polar_exposed, asa_sum, fraction_exposed_exposed_R, fraction_exposed_exposed_S, fraction_exposed_exposed_T, fraction_exposed_exposed_Y, nsp_secondary_structure_sheet, nsp_secondary_structure_helix, Zeta Potential, Surface_Ligand, Dtem, Dh_functionalized",0.9316650649283884
18,0.9466813146571456,0.012587865136098896,"Abundance_Controls, Length, Mass, frac_aa_M, molecular_weight, flexibility_min, fraction_exposed_polar_exposed, asa_sum, fraction_exposed_exposed_R, fraction_exposed_exposed_S, fraction_exposed_exposed_T, fraction_exposed_exposed_Y, nsp_secondary_structure_sheet, nsp_secondary_structure_helix, Zeta Potential, Surface_Ligand, Dtem, Dh_functionalized",0.9304934495210466
17,0.9466803991577406,0.01229562016850147,"Abundance_Controls, Length, Mass, frac_aa_M, molecular_weight, flexibility_min, fraction_exposed_polar_exposed, asa_sum, fraction_exposed_exposed_R, fraction_exposed_exposed_S, fraction_exposed_exposed_Y, nsp_secondary_structure_sheet, nsp_secondary_structure_helix, Zeta Potential, Surface_Ligand, Dtem, Dh_functionalized",0.9309847789892391
16,0.944561933534743,0.012861317559853648,"Abundance_Controls, Length, Mass, frac_aa_M, molecular_weight, flexibility_min, fraction_exposed_polar_exposed, fraction_exposed_exposed_R, fraction_exposed_exposed_S, fraction_exposed_exposed_Y, nsp_secondary_structure_sheet, nsp_secondary_structure_helix, Zeta Potential, Surface_Ligand, Dtem, Dh_functionalized",0.9285006159748894
15,0.9451679941408038,0.013030780035805661,"Abundance_Controls, Length, Mass, frac_aa_M, molecular_weight, flexibility_min, fraction_exposed_polar_exposed, fraction_exposed_exposed_S, fraction_exposed_exposed_Y, nsp_secondary_structure_sheet, nsp_secondary_structure_helix, Zeta Potential, Surface_Ligand, Dtem, Dh_functionalized",0.929137214104998
14,0.94607433855168,0.012993451226147588,"Abundance_Controls, Length, Mass, frac_aa_M, molecular_weight, flexibility_min, fraction_exposed_polar_exposed, fraction_exposed_exposed_S, fraction_exposed_exposed_Y, nsp_secondary_structure_sheet, nsp_secondary_structure_helix, Zeta Potential, Surface_Ligand, Dh_functionalized",0.9302808873255324
13,0.9466794836583355,0.012593311654377059,"Abundance_Controls, Length, frac_aa_M, molecular_weight, flexibility_min, fraction_exposed_polar_exposed, fraction_exposed_exposed_S, fraction_exposed_exposed_Y, nsp_secondary_structure_sheet, nsp_secondary_structure_helix, Zeta Potential, Surface_Ligand, Dh_functionalized",0.9314861720039584
12,0.9448640483383686,0.012702921757423968,"Abundance_Controls, Length, frac_aa_M, molecular_weight, flexibility_min, fraction_exposed_polar_exposed, fraction_exposed_exposed_S, nsp_secondary_structure_sheet, nsp_secondary_structure_helix, Zeta Potential, Surface_Ligand, Dh_functionalized",0.9297611265809447
11,0.9448640483383686,0.012917966676242587,"Abundance_Controls, Length, frac_aa_M, molecular_weight, flexibility_min, fraction_exposed_polar_exposed, fraction_exposed_exposed_S, nsp_secondary_structure_sheet, nsp_secondary_structure_helix, Zeta Potential, Dh_functionalized",0.929746081662126
10,0.9460770850498947,0.010908287397393343,"Abundance_Controls, Length, frac_aa_M, molecular_weight, flexibility_min, fraction_exposed_polar_exposed, fraction_exposed_exposed_S, nsp_secondary_structure_sheet, Zeta Potential, Dh_functionalized",0.9331687976525014
9,0.9454691934450242,0.012574678902713377,"Abundance_Controls, Length, frac_aa_M, molecular_weight, flexibility_min, fraction_exposed_polar_exposed, nsp_secondary_structure_sheet, Zeta Potential, Dh_functionalized",0.9310945145423108
8,0.9451670786413988,0.011134677875151426,"Abundance_Controls, Length, frac_aa_M, flexibility_min, fraction_exposed_polar_exposed, nsp_secondary_structure_sheet, Zeta Potential, Dh_functionalized",0.9324324007662473
7,0.9454701089444292,0.011582938160537702,"Abundance_Controls, Length, frac_aa_M, fraction_exposed_polar_exposed, nsp_secondary_structure_sheet, Zeta Potential, Dh_functionalized",0.9324871707838915
6,0.9439540419298729,0.014237387722657523,"Abundance_Controls, Length, frac_aa_M, fraction_exposed_polar_exposed, nsp_secondary_structure_sheet, Zeta Potential",0.9285166542072154
5,0.945166163141994,0.013107772671013651,"Abundance_Controls, Length, frac_aa_M, nsp_secondary_structure_sheet, Zeta Potential",0.9310583904709803
4,0.9454664469468094,0.014290509976963219,"Abundance_Controls, Length, frac_aa_M, Zeta Potential",0.9303759369698461
3,0.938195550672892,0.015057016652545272,"Abundance_Controls, Length, Zeta Potential",0.9225385340203467
2,0.9245665110317678,0.016794780166140857,"Abundance_Controls, Length",0.907371730865627
